SKU,Merchant Item ID,Metrix Stock Keyboard,Stock status,Product Name,Stock,Description,Status,Tax Rate,Brand,HSN,Category,Sub Category,List Price,Regular Price,Tiered Price,Sale Price,Adwords,Images,Video 1,video_upload,PDF,Weight (Kgs),Lenght (cm),Breadth (cm),Height (cm),Features 1,Features 2,Features 3,Features 4,Features 5,Features 6,Features 7,Features 8,Features 9,Features 10,Features 11,-Model No,-Display,-Type,-Transducer,-LED Indicator,-Velocity,-Acceleration,-Sensor Type,-Minimum curvature radius         ,-Minimum measuring area        ,-Minimum thickness of substrate        ,-Calibration,-Statistics,-Alarm value set        ,-Digital display        ,-Bar Graph Display,-Temperature Measuring Range        ,-Temperature Resolution,-Wind speed measuring range        ,-Test range        ,-Overload Protection        ,-Withstand Voltage        ,-Measuring method        ,-Earth Resistance        ,-Earth voltage        ,-Earth resistance measuring time        ,-LCD Display,-Range,"-Backlight Display
",-Sampling Rate,-Power & Supply,-Accessories,-Accuracy,-Temperature,-Humidity,-Resolution,-Sampling Time        ,-External Trigger Level        ,-Measuring Range,-Measuring Units,-Single Measurement Time        ,-Laser Type,-DC Voltage Range,-AC Voltage Range,-AC Ampere,-DC Ampere,-Resistance,-Frequency Range,-Duty,-Jaw Diameter,-Storage Temperature & Humidity,-Operating Temperature & Humidity,-Battery,-LCD Size,-Response Time,-Operating environment,-Laser Power & Wavelength,-Data Storage,-AC Voltage,-DC Voltage,-Measurement Range,-Flash Tube Life,-Spectral Response,-Emissivity        ,-Operating conditions        ,-Storage conditions        ,-Tetst Distance,-Ambient operating range        ,-Measurement Category        ,-Altitude,-Pollution,-Safety compliance        ,-Resolution Ratio        ,-Sound Velocity Range,-Memory,-Auto switch off,-Rated voltage,-Repeatability,-Working conditions        ,-Evaluation length        ,-Fluctuation of display value        ,-Profile Digital Filter        
CD_1,CD_1,CD 1,"Available",Metrix+ CD 1 Voltage Testers,10,"Economical pen type line voltage tester with range 90V ~ 1000V AC
",published,18,Metrix+,9030,Electrical Instruments,Voltage Testers (Pen Type),150,300,,210,0,https://technocart.com/cdn/shop/products/Metrix-CD1-00.jpg,,,cd-1_76_catalogue.pdf,,0,0,0,"LED and beep indications ","90VAC ~ 1000VAC ","Altitude upto 2000m ",Warranty: 6 Months,,,,,,,,"CD 1
",,,,,,,,,,,,,,,,,,,,,,,,,,,,,,2 x 1.5V AAA batteries,,,,"<=95%",,,,"90VAC ~ 1000VAC",,,,,,,,,,,,"10 ~ 50°C","-10 ~ 50°C",,,,,,,,,,,,,,,,,Category IV 1000V per IEC61010,"2000m","Degree 2",,,,,,,,,,,
TH_01,TH_01,TH 01,"Out of Stock",Metrix+ TH 01 Indoor Digital Thermometer ,10,"Indoor temperature and humidity display with clock, alarm and date features in a table-top design",published,18,Metrix+,9025,Environmental Testers,Temperature & Humidity Meters,300,600,,420,0,"https://www.metrixinstrument.in/products/large/83_109.jpg, https://www.metrixinstrument.in/products/large/83_112.jpg, https://www.metrixinstrument.in/products/large/83_113.jpg",,,th-01_83_catalogue.pdf,0.14,12.8,6.4,2.7,"High precision thermometer with 19999 counts. ","K-type thermocouple. ","Data storage and recall. ","High and low temperature alarms. ",°C to °F convertible ,Auto power off. ,Warranty: 6 Months,,,,,Metrix TH 01,,,,,,,,,,,,,,,,,,,,,,,,,,,,,,,,,,,,,,,,,,,,,,,,,,,,,,,,,,,,,,,,,,,,,,,,,,,,,,,,,
CD_3,CD_3,CD 3,"Available",Metrix+ CD 3 Voltage Testers,10,"Pen type line voltage tester with range 12 ~ 1000V AC, bar display and changeable sensitivity",published,18,Metrix+,9030,Electrical Instruments,Voltage Testers (Pen Type),350,700,,490,0,https://www.metrixinstrument.in/products/large/77_101.jpg,,,cd-3_77_catalogue.pdf,,0,0,0,"Bar-graph display and beep indications ","High/low sensitive setting with range 12 ~ 1000V, 50/60Hz ","Flashlight ",Warranty: 6 Months,,,,,,,,CD 3,,,,,,,,,,,,,,,,,,,,,,,,,,,,,,2 x 1.5V AAA batteries,,,,<=95%,,,,"High sensitivity: 12 ~ 1000V, 50/60Hz, Low sensitivity: 48 ~ 1000V, 50/60Hz",,,,,,,,,,,,"-10 ~ 50°C","0 ~ 40°C",,,,,,,,,,,,,,,,,,2000m,,"CAT III 1000V, CAT IV 600V",,,,,,,,,,
31_C+,31_C,,"",Metrix+ 31C  Digital Multimeter,10,Economical multimeter with temperature test and backlit display,published,18,Metrix+,9030,Electrical Instruments,Digital Multimeter,0,0,,0,0,https://www.metrixinstrument.in/products/large/29_49.jpg,,,31c_29_catalogue.pdf,,0,0,0,Warranty: 6 Months,,,,,,,,,,,31_C,,,,,,,,,,,,,,,,,,,,,,,,,,,,,,,,,,,,,,,,,,,,,,,,,,,,,,,,,,,,,,,,,,,,,,,,,,,,,,,,,
603+,603+,603+,"Available",Metrix+ 603+ Digital Multimeter,10,Digital Multimeter with IR Test and live wire detection,published,18,Metrix+,9030,Electrical Instruments,Digital Multimeter,650,1300,,910,0,https://www.metrixinstrument.in/products/large/30_50.jpg,,,603_30_catalogue.pdf,,0,0,0,"IR Test and live wire detection","Self-recovery fuse","Data hold and auto power off","Low battery indication",Warranty: 6 Months,,,,,,,603+,,,,,,,,,,,,,,,,,,,,,,,,,,,,,,,,,,,,,,,,,,,,,,,,,,,,,,,,,,,,,,,,,,,,,,,,,,,,,,,,,
DT_305S,DT_305S,DT 305-S,"Available",Metrix+ DT 305 S Environmental Testers,10,Digital Thermometer with K-type thermocouple as measuring sensor with measuring range upto 250°C,published,18,Metrix+,9025,Environmental Testers,Temperature & Humidity Meters,750,1500,,1050,0,https://metrixinstrument.in/products/large/61_85.jpg,,,dt-305s_61_catalogue.pdf,0.14,12.8,5.4,2.7,Warranty: 6 Months,,,,,,,,,,,DT 305-S,,,,,,,,,,,,,,,,,,,,,,,,,,,,,2.5 times per second,"2 x 1.5V LR03 AAA ",,"±(0.5% + 1℃), ±(0.5% + 2oF)",,,0.1°C / 0.1°F,,,"TP 01 probe (standard) : -50 ~ 250 °C, TP 03 probe (optional) : -50 ~ 1300 °C",,,,,,,,,,,,,,,,,,,"100 sets",,,,,,,,,,,,,,,,,,,,,,,,
125A,125A,,"",Metrix+ 125A AC Digital Clamp Meter,10,1000A Digital AC Clamp Meter with sturdy 52mm jaw size.,published,18,Metrix+,9030,Electrical Instruments,Digital Clamp Meter,0,0,,0,0,https://www.metrixinstrument.in/products/large/3_19.jpg,,,125A.pdf,0.18,16.5,6.8,2.8,Double Insulation Protection Class Ii,Auto Negative Polarity Indication,Low Battery Indication,Overload Protection,Warranty: 6 Months,,,,,,,125A,,,,,,,,,,,,,,,,,,,,,,,,,,"31/2 Digit, 1999 Count",Manual,,,,,,,,,,,,,,,,,2000m/20/200/600A   + (2% + 10d),,"2000Ω   ± (1% + 5d)",,,"30mm","-20oC ~ 60oC, <80% RH","0oC ~ 40oC, <70% RH","AAA 1.5V x 2",,,,,,"600V   + (0.8% + 5d)",600V   + (1.2% + 5d),,,,,,,,,,,,,,,,,,,,,,
603_A+,603_A+,,,Metrix+ 603A+ Digital Multimeter,10,"Digital Multimeter with IR Test, live wire detection and temperature test",published,18,Metrix+,9030,Electrical Instruments,Digital Multimeter,650,1300,,910,0,https://www.metrixinstrument.in/products/large/31_51.jpg,,,603a_31_catalogue.pdf,0.51,18,9,5.3,"IR Test and live wire detection","Self-recovery fuse",Data hold and auto power off,Low battery indication,Warranty: 6 Months,,,,,,,603_A+,,,,,,,,,,,,,,,,,,,,,,,,,,,,,,,,,,,,,,,,,,,,,,,,,,,,,,,,,,,,,,,,,,,,,,,,,,,,,,,,,
PG_08,PG_08,,,Metrix PG 08 ,10,,published,18,Metrix+,9030,NDT Instruments,Misc,0,0,,0,0,https://www.zillionsbuyer.com/uploads/product_image/product_8013_1_thumb.jpg,,,PG 08 Power Guard.pdf,,0,0,0,Warranty: 6 Months,,,,,,,,,,,PG_08,,,,,,,,,,,,,,,,,,,,,,,,,,,,,,,,,,,,,,,,,,,,,,,,,,,,,,,,,,,,,,,,,,,,,,,,,,,,,,,,,
125A+,125A+,125A+,"Available",Metrix+ 125A+ AC Digital Clamp Meter,10,600A Digital AC Clamp Meter with backlight,published,18,Metrix+,9030,Electrical Instruments,Digital Clamp Meter,750,1500,,1050,0,https://www.metrixinstrument.in/products/small/4_20.jpg,,,125APLUS.pdf,0.16,18.5,2.5,5.1,"AC/DC V, AC A","Continuity, Diode","Data Hold, Auto Power Off",Warranty: 6 Months,,,,,,,,125A+,,,,,,,,,,,,,,,,,,,,,,,,,,"1999 count, Backlight",Manual,,,,,,,,,,,,,,,,,"2/20/200/600A   ± (2.5% ± 8)",,"2kΩ/2000kΩ   ± (1.2% ± 3)",,,"28mm","-20oC ~ 60oc,  <80%RH","0oC ~ 40oc,  <70%RH","AAA 1.5V x 2","24.3 x 34.6mm",,,,,"600V   + (1.5% + 5)","600V   + (1.0% + 3)",,,,,,,,,,,,,,,,,,,,,,
AVM_01,AVM_01,,,Metrix+ AVM 01 Digital Anemometer,10,Fixed head Digital Anemometer to measure wind speed upto 30m/s,published,18,Metrix+,9031,Environmental Testers,Digital Anemometer,0,0,,0,0,https://www.metrixinstrument.in/products/small/39_59.jpg,,,AVM_01_Anemometer.pdf,0.8,16.2,4.7,2.5,°C/°F Selection,Low Battery Indication,Data Hold Function,"Wind Speed Units: M/S, Ft/Min, Knots, Km/Hr., Mph",Current/Average Measuring,Warranty: 6 Months,,,,,,AVM 01,"Large backlit LCD",,,,,,,,,,,,,,,"0 ~ 50°C","0.1°C","0.3 ~ 30m/s",,,,,,,,,,,,"3 x 1.5V AAA batteries",," +5% + 0.1",,,"0.1m/s",,,,,,,,,,,,,,,,,,,,,,,,,,,,,,,,,,,,,,,,,,,,,,
LX_101+,LX_101+,,,Metrix+ LX 101+ Digital Lux Meter,10,Flexible sensor economic Lux Meter with measuring range upto 2L lux,published,18,Metrix+,9027,Environmental Testers,Digital Lux Meter,950,1900,,1330,0,https://www.metrixinstrument.in/products/large/36_56.jpg,,,lx-101_36_catalogue.pdf,0.202,13.2,2.8,2.6,"Separate light sensor for measuring at the most optimum position. ","Data hold and range switch. ",Warranty: 6 Months,,,,,,,,,LX 101+,"4-digit LCD  with 1999 max count",,,,,,,,,,,,,,,,,,,,,,,,,,,,,"1 x 9V battery",,"< 2,00,000 lux : ± (3%rdg + 0.5%), >= 2,00,000 lux : ± (4%rdg + 10dgt)",,,"0 ~ 19  : 0.01 lux, 20 ~ 199 : 0.1 lux, 200 ~ 1,999 : 1lux, 2,000  ~ 1,99,999 : 10 lux",,,"0 ~ 2,00,000 lux",,,,,,,,,,,,"-10 ~ 50oC","0 ~ 40oC",,,,,,,,,,,,,,,,,,,,,,,,,,,,,,
MT_2-C,MT_2-C,MT 2-C,"Available",Metrix+ MT 2-C Infrared Thermometer (Temperature Gun),10,Economical palm-sized Infrared Thermometer to measure upto 380°C,published,18,Metrix+,9025,Surveying Equipments,Infrared Thermometers,700,1400,,980,0,https://www.metrixinstrument.in/products/large/10_28.jpg,,,mt-2-c_10_catalogue.pdf,0.13,14.6,8,3.8,"Color display for better readability. ","°C / °F convertible. ","Selectable laser pointer operation. ",Auto Power off and Data hold functionality. ,Warranty: 6 Months,,,,,,,MT 2-C,,,,,,,,,,,,,,,,,,,,,,,,,,,,,,"2 x AAA battery","Battery, Operational Manual ; Blister Packing","-50°C (-58°F) ~ 0°C (32°F) : +3°C, 0°C(32°F) ~ 100°C(212°F) : +2°C, Above 100°C (212°F) : +2°C or +2% whichever is greater",,,,,,,,,,,,,,,,,,-20 ~ 60°C (-4 ~ 140°F) without battery,,,,"500 ms, 95% responsive",,,,,,-50°C ~ 380°C ( -58°F ~ 716°F ),,"8-14 um","preset 0.95",,,,,,,,,,,,,,,,,,
DT_2234BL,DT_2234BL,DT 2234BL,"Available",Metrix+ DT 2234BL Digital Tachometer,10,"Non-contact photo tachometer with measuring range upto 99999RPM
",published,18,Metrix+,9029,Surveying Equipments,Tachometers,1000,2000,,1400,0,https://www.metrixinstrument.in/products/large/58_82.jpg,,,dt-2234bl_58_catalogue.pdf,0.106,5.57,2.99,12.7,"Store last measured value","Backlit display","Ergonomic compact design","Low battery indication","Auto power off",Warranty: 6 Months,,,,,,DT2234BL,,,,,,,,,,,,,,,,,,,,,,,,,,"5-digit large screen LCD display, with word height of 18mm",,,,,,,,,,,,,,,,,,,,,,,,,,,,,,"CLASS II 2—5m
",,,,,,,,,,,,,,,,"0.1rpm(2.5~999.9rpm), 1rpm(1000~99999rpm)",,,,,,,,,
MT_4xL,MT_4xL,MT 4xL,"Available",Metrix+ MT 4xL Infrared Thermometer (Temperature Gun),10,Economical Infrared Thermometer to measure upto 550°C,published,18,Metrix+,9025,Surveying Equipments,Infrared Thermometers,900,1800,,1260,0,https://www.metrixinstrument.in/products/large/11_30.jpg,,,mt-4xl_11_catalogue.pdf,0.15,15.1,10.7,4.2,"Economic ",Backlight Display ,"Auto Power OFF, Data Hold. ",Laser Target Pointer Selection. ,Warranty: 6 Months,,,,,,,MT 4xL,,,,,,,,,,,,,,,,,,,,,,,,,,,,"Backlight Display",,"2 x 1.5V AAA battery","Battery, Operational Manual ; Carry Case & Gift Box",,"-32℃ ~ 550℃(-26°F ~ 1022°F)",,0.1°C or 0.1°F (<1000°C),,,,,,,,,,,,,,,,,,,"200 ms",,,,,,,,"8-14 um","preset 0.95",,,,,,,,,,,,,,,,,,
1250A,1250A,1250A,"Available",Metrix+ 1250A AC Digital Clamp Meter,10,1000A Digital AC Clamp Meter with sturdy 52mm jaw size.,published,18,Metrix+,9030,Electrical Instruments,Digital Clamp Meter,1200,2400,,1680,0,https://www.metrixinstrument.in/products/small/1_2.jpg,,,1250A.pdf,0.36,24.8,8.8,4.5,"Resistance, Diode Continuity, Data Hold & Apo, Inrush Current","Non Contact Voltage, AC/DC V, AC/DC A, Diode, Continuity",Jaw Diameter: 52 Mm,Overload Protection,Auto Negative Polarity Indication,Low Battery Indication,Warranty: 6 Months,,,,,1250A,,,,,,,,,,,,,,,,,,,,,,,,,,"3 ½ Digit 1999 count ",Manual,,,,,,"-50oC ~ 300oc,   ±1%±5d, 301oC ~ 1000oc,   ±1.9%±5d",,,,,,,,,,,"2/20/200/1000A ,   ±2%±10d",,"2kΩ,    ±1%±5d",,,52mm,"-20°C ~ 60°c,  <80%RH","0°C ~ 40°c,  <70%RH",9V,,,,,,"700V ,   ±1.2%±5d","1000V,    ±0.8%±2d",,,,,,,,,,,,,,,,,,,,,,
DT_2235BL,DT_2235BL,DT 2235BL,"Available",Metrix+ DT 2235BL Digital Tachometer,10,"Contact type Tachometer with measuring range upto 19999 RPM

",published,18,Metrix+,9029,Surveying Equipments,Tachometers,1200,2400,,1680,0,https://www.metrixinstrument.in/products/large/59_83.jpg,,,dt-2235bl_59_catalogue.pdf,0.15,5.5,3.3,15.78,"Contact Type ","Max, min and average value ","Low Battery Indication ","Data Hold ","Large backlit LCD display ",Compact design,Warranty: 6 Months,,,,,"DT 2235BL",,,,,,,,,,,,,,,,,,,,,,,,,,,"0.5-19,999rpm",,,"2 x 1.5V AAA batteries",, +(0.05%+1word),,,"0.1rpm, 1rpm",,,,,,,,,,,,,,,,,,,,,,,,,,,,,,,,,,,,,,,,,,,,,,
DM_40,DM_40,DM 40,"Available",Metrix+ DM 40 Digital Distance Meter,10,"40m Laser Distance Meter with area/volume calculations, bi axis spirit level, data storage and clear OLED display",published,18,Metrix+,9031,Surveying Equipments,Laser Distance Meters,1200,2400,,1680,0,https://www.metrixinstrument.in/products/large/45_65.jpg,,,dm-40_45_catalogue.pdf,0.72,11,4.6,2.5,"Pocket type. ","Area/volume calculations","Clear display for better readability from all angles. ","Historical data review. ",Bi-axis spirit bubble for checking level. ,Warranty: 6 Months,,,,,,DM 40,,,,,,,,,,,,,,,,,,,,,,,,,,,,,,,,"±2.0mm ",,,,,,"0.05 ~ 40m","Distance : m, ft, in, Area : m2, ft2, Volume : m3, ft4",0.25s,"620 – 690nm,  Class II, <1mW",,,,,,,,,"-20 to 65℃","0 to 40℃","2 x AAA 1.5V ; >5000 times working time(fully charged)",,,,,,,,,,,,,,,,,,,,,,,,,,,,,
MM_2A+,MM_2A+,MM 2A+,"Available",Metrix+ MM 2A+ Digital Moisture Meter,10,"Digital Moisture Meter for wood and wood construction material, with measuring range upto 70%",published,18,Metrix+,9031,NDT Instruments,Moisture Meter,1500,3000,,2100,0,https://www.metrixinstrument.in/products/large/63_87.jpg,,,mm-2a_63_catalogue.pdf,0.107,13.56,5.5,2.9,"Selection among 4 types of wood species. ","Reading lock. ","Auto temperature compensation for varying environment. ","Battery volume alert ","Large non-parallax LCD with legible display ","Automatic/manual power off. ",Warranty: 6 Months,,,,,MM 2A+,,,,,,,,,,,,,,,,,,,,,,,,,,,,,,,,,"-10 ~ 60°C; +1°C; 0.1°C","20 ~ 95% RH; +5% RH; 0.1% RH",0.50%,,,,,,,,,,,,,,,,"0℃-40℃, 20% ~ 95%RH","2*1.5V AAA Battery",,,,,,,,,,,,,,,,,,,,,,,,,,,,,
171TRMS+,171TRMS+,171TRMS+,"Available",Metrix+ 171TRMS+ Digital Multimeter,10,"6000 count True RMS Digital multimeter with large backlit display, NCV and flashlight function",published,18,Metrix+,9030,Electrical Instruments,Digital Multimeter,1300,2600,,1820,0,https://www.metrixinstrument.in/products/large/32_52.jpg,,,171trms_32_catalogue.pdf,0.38,19,9,5,"6000 count ","True RMS","NCV",Flashlight,Data hold and auto power off,Low battery indication,Warranty: 6 Months,,,,,171TRMS+,,,,,,,,,,,,,,,,,,,,,,,,,,,,,,,,,,,,,,,,,,,,,,,,,,,,,,,,,,,,,,,,,,,,,,,,,,,,,,,,,
451,451,451,"Available",Metrix+ 451 Digital Multimeter,10,Digital Panel Calibrate LCR Multimeter with large backlit display,published,18,Metrix+,9030,Electrical Instruments,Digital Multimeter,1000,2000,,1400,0,https://www.metrixinstrument.in/products/large/33_53.jpg,,,451_33_catalogue.pdf,0.35,18,8.5,4.2,Large backlit display,Low battery indication,"Auto power off",Warranty: 6 Months,,,,,,,,451,,,,,,,,,,,,,,,,,,,,,,,,,,,,,,,,,,,,,,,,,,,,,,,,,,,,,,,,,,,,,,,,,,,,,,,,,,,,,,,,,
2250T,2250T,2250T,"Out of Stock",Metrix+ 2250T ACA Digital Clamp Meter,10,"1000A Digital AC True RMS Clamp Meter with sturdy 52mm jaw, inrush current and auto ranging features",published,18,Metrix+,9030,Electrical Instruments,Digital Clamp Meter,1500,3000,,2100,0,https://www.metrixinstrument.in/products/small/5_21.jpg,,,2250T.pdf,0.36,24.9,8.9,3.8,Jaw Diameter: 25 Mm,Double Insulation Protection Class Ii,Overload Protection,Auto Negative Polarity Indication,Low Battery Indication,Warranty: 6 Months,,,,,,2250T,,,,,,,,,,,,,,,,,,,,,,,,,,"3 3/4 Digit 3999 count ","Auto Range",,,,,,"-50oC ~ 300oc   ± (1.0% + 4), 301oC ~ 1000oc   ± (1.9% + 5)",,,,,,,,,,,"4/40/400/1000A ,   ±2%±10d",,"400/4k/40k/400k/4mΩ,    ±1%±3d, 40mΩ,   ±1.5%±5d","100Hz/1k/10k/100k/1M/10M/40MHz,    ±0.5%±3d","1% ~ 99%,   ±0.5%±3d","52mm","-20oC ~ 60oc,  <80%RH","0oC ~ 40oc,  <70%RH","1.5V x 2 AA",,,,,,"400mV/4/40/400/700V,  ±1.5%±5d","400mV/4/40/400/1000V,  ±1%±3d",,,,,,,,,,,,,,,,,,,,,,
LX_1330A+,LX_1330A+,,,Metrix+ LX 1330A Digital Lux Meter,10,360° rotatable head sensor Lux Meter with measuring range upto 2L lux.,published,18,Metrix+,9027,Environmental Testers,Digital Lux Meter,0,0,,0,0,https://www.metrixinstrument.in/products/large/37_57.jpg,,,LX_1330A_AND_LX_101_Lux_Meter.pdf,0.133,17.86,6.35,2.7,3 Measuring Ranges: 0-2000/2000-19990/20000- 100000,Repeatability: + 2%,Warranty: 6 Months,,,,,,,,,LX 1330A+,"4-digit LCD with 9999 max count, automatic switching of ranges",,,,,,,,,,,,,,,,,,,,,,,,,,,,,"3 x 1.5V AAA battery",,"0 ~ 9999 lux : ± (4%rdg + 8dgts), >= 10,000 lux : ± (5%rdg + 10dgts)",,,"0 ~ 9999 lux : 1 lux, 10,000 ~ 99,990 : 10lux, 1,00,000 ~ 1,99,990 : 100lux","0.5 s",,"0 ~ 1,99,990 lux (1 FC = 10.76 lux)",,,,,,,,,,,,,,,,,,,,,,,,,,,,,,,,,,,,,,,,,,,
AG_900,AG_900,,,Metrix AG 900,10,,published,18,Metrix+,9017,NDT Instruments,Misc,0,0,,0,0,https://cdn.shakedeal.com/images/detailed/418/SDMTP0009500_wdie-gg.png,,,AG 900 Digital Angle Gauge.pdf,,0,0,0,Warranty: 6 Months,,,,,,,,,,,AG_900,LCD Backlight,,,,,,,,,,,,,,,,,,,,,,,,,,,,,9V Battery,,,,,0.1,,,,,,,,,,,,,,,,,,,,,,,,,,,,,,,,,,,,,,,,,,,,,,
SL_4001,SL_4001,SL 4001,"Available",Metrix+ Sl 4001 Digital Sound Level Meter,10,"Digital Sound Level meter with A & C weightings, upto 135dB measuring range and analog bar graph.",published,18,Metrix+,9027,Environmental Testers,Digital Sound Level Meter,1800,3600,,2520,0,https://www.metrixinstrument.in/products/small/54_78.jpg,,,SL_4001_AND_SL_4005_Sound_Level_Meter.pdf,0.225,22.1,6.6,3.3,Linearity Range: 50 DB,Low Battery Indication,Over Range Indication,Measuring Level Selection,Max. Hold Function,Warranty: 6 Months,,,,,,SL 4001,,,,,,,,,,,,,,"4-digit, resolution 0.1dB, sampling rate 2 times/sec","Each analog bar represents 1dB, sampling rate 20times/sec",,,,,,,,,,,,,,,"3 x 1.5V AAA battery",,"±1.5dB(sound pressure std, 94dB @ 1KHz), +1.5dB(sound pressure std, 94dB @ 8KHz)",,,,,,"35 ~ 135dB",,,,,,,,,,,,,,,,,,,,,,,,,,,,,,,,,,,,,,,,,,,
FH_2,FH_2,FH 2,"Available",Metrix+ FH 2 Infrared Thermometer (Temperature Gun),10,Contactless Infrared Thermometer to measure elevated skin temperatures with simple operation,published,18,Metrix+,9025,Surveying Equipments,Infrared Thermometers,500,1000,,700,0,https://www.metrixinstrument.in/products/large/9_25.png,,,fh-2_9_catalogue.pdf,0.14,15.2,13,3.8,"Non-contact forehead temperature measurement. ",Backlight display . ,Data hold. ,"°C / °F convertible. ",Auto power off. ,Warranty: 6 Months,,,,,,FH 2,,,,,,,,,,,,,,,,,,,,,,,,,,,,,,"9V 6F22","Main unit, Battery, Operational Manual",< ±0.3°C / 0.5°F,,,0.1°C / 0.1 °F,,,,,,,,,,,,,,,"-20 ~ 60oC ,  < 85% RH",,,,,,,,,,,,,,,,5 ~ 15cm,"10 ~ 40oC , < 85% RH",,,,,,,,,,,,,,
725A+,725A+,725A+,"Available",Metrix+ 725A+ AC/DC Digital Clamp Meter,10,600A Digital True RMS AC/DC Clamp Meter with backlight and auto & manual ranging,published,18,Metrix+,9030,Electrical Instruments,Digital Clamp Meter,2000,4000,,2800,0,https://www.metrixinstrument.in/products/small/6_22.jpg,,,725a_6_catalogue.pdf,0.16,18.5,2.5,5.1,"AC/DC V, AC/DC A","Continuity, Diode","Data Hold, Auto Power Off","Data Hold, Auto Power Off",Warranty: 6 Months,,,,,,,725A,,,,,,,,,,,,,,,,,,,,,,,,,,"5999 count, Backlight Display , 24.3 x 34.6mm","Manual + Auto",,,,,,,,,,,,,,,,,"60/600A   ±(2.5%  + 8)","60/600A   ±(2.0%  + 10)","600/6k/60k/600k   ± (0.8% + 3), 6M/60MΩ   ± (1.2% + 3)","10kHz ~ 100kHz   ± (0.3% + 5)","10 ~ 90%   ± (0.5% + 3)",28mm,,,"AAA 1.5V x 2",,,,,,"6/60V   + (1.2% + 5), 600V   ± (1.5% + 5)","6/60V   + (0.8% + 5), 600V   ± (1.0% + 5)",,,,,,,,,,,,,,,,,,,,,,
HT_9A,HT_9A,,,Metrix+ HT 9A Digital Thermo-Humidty Meter,10,Temperature and Humidity Meter with dew point temperature pickup,published,18,Metrix+,9025,Environmental Testers,Temperature & Humidity Meters,0,0,,0,0,,,,HT_9_and_HT_9A_Humidity_Temperature_Meter.pdf,0.2,20.7,7,3,Data Logger Usb Interface,Dew Point Temperature Pick Up,Wide Measuring Range & High Resolution,Digital Display Gives Exact Reading With No Guessing Or Errors,Warranty: 6 Months,,,,,,,HT 9A,,,,,,,,,,,,,,,,,,,,,,,,,,,,,"1 time/second","1 x 9V(6F22) battery",,,,,,,,,,,,,,,,,,,,,,,,,,,,,,,,,,,,,,,,,,,,,,,,,,,
AVM_03,AVM_03,,,Metrix+ AVM 03 Digital Anemometer,10,Separate sensor Digital Anemometer to measure wind speed upto 30m/s and air temperature,published,18,Metrix+,9031,Environmental Testers,Digital Anemometer,0,0,,0,0,https://www.metrixinstrument.in/products/small/40_60.jpg,,,AVM_03_Anemometer.pdf,0.325,14,7.1,3.2,"Measurement Units: M/S, Km/H, Ft/Min, Knots, Deg C, Deg F",Built In Temperature Measurement,Resistance Sensor For Fast Temp. Response Time,Low-Friction Ball-Bearing Design Allows Free Vane Movement,A Sensitive Balanced Vane Wheel Rotates Freely In,Warranty: 6 Months,,,,,,AVM 03,10mm 4-digits LCD	,,,,,,,,,,,,,,,,,,,,,,,,,,,,,1 x 9V 6F22 battery	,,,,,,,,,,,,,,,,,,,,,,,,,,,,,,,,,,0 ~ 50°C; Humidity < 85%RH	,,,,,,,,,,,,,,,,,
DM_60,DM_60,DM 60,"DISCONTINUED",Metrix+ DM 60 Digital Distance Meter,10,"60m Laser Distance Meter with area/volume calculations, bi axis spirit level, data storage and clear OLED display",published,18,Metrix+,9031,Surveying Equipments,Laser Distance Meters,1700,3400,,2380,0,https://www.metrixinstrument.in/products/small/46_66.jpg,,,DM_60.pdf,0.217,12.9,6.9,4,Leser Class: 2 Class,Data Store: 30 Groups,Simple Operation,Area/Volume Measurement Function,Warranty: 6 Months,,,,,,,DM 60,,,,,,,,,,,,,,,,,,,,,,,,,,,,,,,,"±2.0mm ",,,,,,"0.05 ~ 60m","Distance : m, ft, in, Area : m2, ft2, Volume : m3, ft3","0.25s","620 – 690nm,  Class II, <1mW",,,,,,,,,"-20 to 65℃","0 to 40℃","2 x AAA 1.5V ; >5000 times working time(fully charged)",,,,,,,,,,,,,,,,,,,,,,,,,,,,,
HT_9,HT_9,,,Metrix+ HT 9 Digital Thermo-Humidty Meter,10,Temperature and Humidity meter with wet bulb temperature measurement,published,18,Metrix+,9025,Environmental Testers,Temperature & Humidity Meters,0,0,,0,0,https://4.imimg.com/data4/AR/AK/MY-4927770/humidity-500x500.jpg,,,HT_9_and_HT_9A_Humidity_Temperature_Meter.pdf,0.145,17.1,7.2,3.4,Wide Measuring Range & High Resolution,The Last Values I Max. Values I Min. Values Of Both Humidity And Temperature Will Be Automatically Stored In Memory And Can Be Displayed By Turn,Data Logger Usb Interface Mod: Ht 9A,Dew Point Temperature Pick Up For Mod: Ht 9A,Warranty: 6 Months,,,,,,,HT9,,,,,,,,,,,,,,,,,,,,,,,,,,,,,"0.4 seconds","4 x 1.5V AAA(UM-4) batteries",,,,,,,,,,,,,,,,,,,,,,,,,,,,,,,,,,,,,,,,,,,,,,,,,,,
SL_4005,SL_4005,SL 4005,"Available",Metrix+ Sl 4005 Digital Sound Level Meter,10,"Digital Sound Level meter with A, C & F weightings, upto 130dB measuring range and built in calibration mode.",published,18,Metrix+,9027,Environmental Testers,Digital Sound Level Meter,2400,4800,,3360,0,https://www.metrixinstrument.in/products/small/55_79.jpg,,,SL_4001_AND_SL_4005_Sound_Level_Meter.pdf,0.17,23.6,6.3,2.6,"This Instrument Is Compatible With Several Standards Of Gb/T 3785,Iec 651 Type 2,Ansis 1.4 Type 2. It Is Widely Used To Test The Sound Level Of Environment, Mechanic, Vehicle, Ship And Other Noise. Fit For Industry Environment Protecting, Working, Sanitation, Teaching Search And Other Departments And Aircraft Noise",Warranty: 6 Months,,,,,,,,,,SL 4005,,,,,,,,,,,"Built in 94dB at 1kHz(sinusoidal)",,"30 ~ 130dB",,,,,,,,,,,,,,,,,"1.5V AAA batteries",, ±1dB,,,"0.1dB",,,"LP : 30 ~ 130dBA, 35 ~ 130dBC, 35 ~ 130dBF; Leq : 30 ~ 130dB; LN : 0 - 100%",,,,,,,,,20 Hz ~ 12.5 kHz,,,,,,,,,,,,,,,,,,,,,,,,,,,,,,,,,,
TM_4005,TM_4005,TM 4005,Available,Metrix+ TM 4005 Digital Tachometer,10,"Combine, contact type and non-contact photo tachometer with measuring range upto 99999 RPM",published,18,Metrix+,9029,Surveying Equipments,Tachometers,2200,4400,,3080,0,https://www.metrixinstrument.in/products/small/60_84.jpg,,,TM_4005.pdf,0.28,21.5,7.4,3.2,Contact: 2.5-19999 Rpm,Linear Rolling Speed: 0.05-1999.9 M/Min,Surface Speed: 0.2-6560 Ft/Min,Sampling Frequency: 0.8 Sec,Operating Temperature: 0-50 Deg C,Storing Temperature: -20-60 Deg C,Warranty: 6 Months,,,,,TM 4005,,Photo - Contact Tachometer,,,,,,,,,,,,,,,,,,,,,,,,,"2.5 ~ 99,999rpm  Photo, 2.5-19,999rpm  Contact, 0.05 ~ 1999.9m/min, 0.2 ~ 6560Ft/min",,,"AA x 4 battery",, + (0.05% + 1word),,,"0.1rpm, 1rpm  Photo, 0.1rpm, 1rpm  Contact, 0.01m/min, 0.1m/min, 1Ft/min",,,,,,,,,,,,,,,"-20 ~ 60°C","0 ~ 50°",,,,,,,,,,,,,,,,,,,,,,,,,,,,,,
4250T,4250T,4250T,"Available",Metrix+ 4250T AC/DC Digital Clamp Meter,10,"1000A Digital True RMS AC/DC Clamp Meter with 52mm sturdy jaw, inrush current and auto ranging",published,18,Metrix+,9030,Electrical Instruments,Digital Clamp Meter,2500,5000,,3500,0,https://www.metrixinstrument.in/products/large/7_23.jpg,,,4250T.pdf,0.36,24.9,8.9,3.8,Jaw Diameter: 52 Mm,Double Insulation Protection Class Ii,Overload Protection,Auto Negative Polarity Indication,Low Battery Indication,Warranty: 6 Months,,,,,,4250T,,,,,,,,,,,,,,,,,,,,,,,,,,"3 3/4 Digit 3999 count ","Auto Range",,,,,,"-50oC ~ 300oc,   ±1%±5d, 301oC ~ 1000oc,   ±1.9%±5d",,,,,,,,,,,"400/1000A ,   ±2%±5d","400/1000A ,   ±2%±5d","400/4k/40k/400k/4mΩ,    ±1%±3d, 40mΩ,   ±1.5%±5d","100Hz/1k/10k/100k/1M/10M/40MHz,    ±0.5%±3d","1% ~ 99%,   ±0.5%±3d",52mm,"-20oC ~ 60oc,  <80%RH","0oC ~ 40oc,  <70%RH",9V,,,,,,"400mV/4/40/400/700V,  ±1.5%±5d","400mV/4/40/400/1000V,  ±1%±3d",,,,,,,,,,,,,,,,,,,,,,
GMM_7002A,GMM_7002A,GMM 7002A,"Available",Metrix+ GMM 7002A Soil Moisture Meter,10,Economical grain moisture meter with measuring range upto 30% and temperature measurement as well,published,18,Metrix+,9031,NDT Instruments,Moisture Meter,2000,4000,,2800,0,https://www.metrixinstrument.in/products/large/69_93.jpg,,,gmm-7002a_69_catalogue.pdf,0.4,7.2,3.5,14.5,"It can measure temperature of grains. ","4 species of grain varieties. ","Data hold, low battery indication and automatic power off. ",Warranty: 6 Months,,,,,,,,GMM 7002A,"Backlit LCD",,,,,,,,,,,,,,,,,,,,,,,,,,"Moisture : 5 ~ 30%, Temperature : -10 ~ 60oC",,,"3 x 1.5V AAA (UM – 4) batteries",,,,,50.00%,,,,,,,,,,,,,,,,,,,,,,,,,,,,,"Temperature 0 ~ 40oC; Humidity <85% RH",,,,,,,,,,,,,,,,,
MM_WA,MM_WA,MM-Wa,"Out of Stock",Metrix+ MM-WA Digital Moisture Meter,10,"Digital Moisture Meter for wood and wood fibre construction, with inbuilt probe and separate long pin probe",published,18,Metrix+,9031,NDT Instruments,Moisture Meter,2400,4800,,3360,0,https://www.metrixinstrument.in/products/small/64_88.jpg,,,MM-Wa_AND_MM_2A_PLUS_Moisture_Meter.pdf,0.11,13.56,5.5,2.94,Warranty: 6 Months,,,,,,,,,,,MM-WA,,,,,,,,,,,,,,,,,,,,,,,,,,,,,,,,,"-10 ~ 60°C; +1°C; 0.1°C","20 ~ 95% RH; +5% RH; 0.1% RH",,,,"Type 1 : 2 ~ 40%;, Type 2 : 2 ~ 50%, Type 3 : 2 ~ 60%, Type 4 : 2 ~ 70%",,,,,,,,,,,,,,,,,,,,,,,,,,,,,,,,,,,,,,,,,,,
2003,2003,,,Metrix+ 2003 Digital Clamp Meter,10,2000A AC/DC Digital Clamp Meter with panel calibrate and sturdy 52mm jaw,published,18,Metrix+,9030,Electrical Instruments,Digital Clamp Meter,0,0,,0,1,https://www.metrixinstrument.in/products/large/8_24.jpg,,,2003_8_catalogue.pdf,0.45,27,10,4.4,"Panel Calibrate Clamp Meter","PH, DH, MAX and Backlight","Over Load Protection. ",Warranty: 6 Months,,,,,,,,2003,,,,,,,,,,,,,,,,,,,,,,,,,,,,,,,,,,,,,,,,,,,,"200/2000A    ± 1.9%±5",,"2kΩ    ± 0.8%±2",,,52mm,,,6F22 or NEDA 9V x 1,,,,,,700V ± 1%±5,"1000V    ± 0.5%±2",,,,,,,,,,,,,,,,,,,,,,
LX_1336A,LX_1336A,LX 1336A,"Available",Metrix+ LX 1336A Digital Lux Meter,10,Flexible sensor Lux Meter with measuring range upto 5L lux,published,18,Metrix+,9027,Environmental Testers,Digital Lux Meter,3800,7600,,5320,1,https://www.metrixinstrument.in/products/large/38_58.jpg,,,lx-1336a_38_catalogue.pdf,0.2,9.6,5.8,1.6,Warranty: 6 Months,,,,,,,,,,,LX_1336A,"4-digit LCD ",,,,,,,,,,,,,,,,,,,,,,,,,,,,,"4 x 1.5V AAA battery",,"± (5%n + 5%d)",,,"0 ~ 4999 lux : 1 lux, 5,000 ~ 49,999 : 10lux, 50,000 ~ 5,00,000 : 100lux, 0 ~ 20,000 FC : 1 FC",,,"0 ~ 5,00,000 lux",,,,,,,,,,,,,,,,,,,,,,,,,,"Temperature : 0 ~ 50oC (<80% RH)",,,,,,,,,,,,,,,,,
DET_1501,DET_1501,DET 1501,"DISCONTINUED",Metrix+ DET 1501 Digital Earth Resistance Tester,10,Basic Earth Resistance Tester upto 2000Ω,published,18,Metrix+,9030,Electrical Instruments,Digital Earth Resistance Tester,4000,8000,,5600,1,https://www.metrixinstrument.in/products/small/56_80.jpg,,,DET_1501_Earth_Resistance_Tester.pdf,0.44,15.1,10.2,5.9,"An Earth Resistance Tester Is Used To Measure Grounding Resistance For Grounding Pole Connected To Some Conductive Part Of Facility In The Power Distribution Unit Of Power Circuit Or Building Structure, For Working Grounding, For Safeguard Grounding. The Tester Used For The Furnish Power, Transformer Station, Power Distribution Lines, In-House Wiring System, Electrical Appliances Etc",Warranty: 6 Months,,,,,,,,,,DET 1501,,,,,,,,,,,,,,,,,,,,,,"2/3 wire test","0 ~ 2000Ω","600V +2%rdg + 5dgt",,,,,,"6 x 1.5V batteries",,,,,,,,,,,,,,,,,,,,,,,,,,,,,,,,,,,,,,,,,,,,,,,,,,,
MM_W,MM_W,MM-W,"Available",Metrix+ MM-W Digital Moisture Meter,10,General purpose digital moisture meter with wide measuring range upto 80%,published,18,Metrix+,9031,NDT Instruments,Moisture Meter,4500,9000,,6300,1,https://www.metrixinstrument.in/products/small/65_89.jpg,,,MM_W_Moisture_Meter.pdf,0.119,16.5,6.2,2.6,Calibration: Automatic,Battery Indicator: Low Battery Indicator,"Data Output: Usb, Rs-232, Bluetooth",Warranty: 6 Months,,,,,,,,MM-W,"10mm LCD",,,"Green LED represents a safe, air-dry state, Yellow LED represents a borderline state, Red LED represents a damp state",,,,,,,Automatic,,,,,,,,,,,,,,,,"0 ~ 80%",,,"4 x 1.5V AAA (UM – 4) batteries",, +(0.5%n + 0.5),,,,,,,,,,,,,,,,,,,"0℃-40℃, 20% ~ 95%RH",2*1.5V AAA Battery,,,,,,,,,,,,"Temperature 0 ~ 50oC, Humidity <90% RH",,,,,,,,,,,,,,,,,
MM_S,MM_S,MM-S,"Out of Stock",Metrix+ MM-S Digital Moisture Meter,10,Search type moisture measurement which is non-intrusive and wide measuring range upto 80%,published,18,Metrix+,9031,NDT Instruments,Moisture Meter,4400,8800,,6160,1,https://www.metrixinstrument.in/products/small/66_90.jpg,,,MM_S_AND_MM_S_PLUS_Probe_Moisture_Meter.pdf,0.119,16.5,6.2,2.6,Measurement Codes: 20,,"Two Presentations, Digital Display And Colour Coded Led Indication",Optional Use Usb/Rs-232 Data Output To Connect With Pc,Warranty: 6 Months,,,,,,,MOISTURE MEASURER-S (MM-S),"LCD",,,"Green LED represents a safe, air-dry state, Yellow LED represents a borderline state, Red LED represents a damp state",,,"MM-S : Search (non-contact), MM-S+ : Search (non-contact) & pin type (contact)",,,,,,,,,,,,,,,,,,,,"0 ~ 80%",,,"4 x 1.5V AAA (UM – 4) batteries",, +(0.5%n + 0.5),,,0.1,,,,,,,,,,,,,,,,,,,,,,,,,,,,,"Temperature 0 ~ 50oC, Humidity <90% RH",,,,,,,,,,,,,,,,,
MM_S+,MM_S+,MM-S+,"Available",Metrix+ MM-S+ Digital Moisture Meter,10,Search type(non-intrusive) and pin type combined moisture measurement and wide measuring range upto 80%,published,18,Metrix+,9031,NDT Instruments,Moisture Meter,4800,9600,,6720,1,https://www.metrixinstrument.in/products/small/67_91.jpg,,,MM_S_AND_MM_S_PLUS_Probe_Moisture_Meter.pdf,0.175,16.5,6.2,2.6,Measurement Codes: 10+20,Two Measuring Principles: Pin Type & Search Type,"Two Presentations, Digital Display And Colour Coded Led Indication",Optional Use Usb/Rs-232 Data Output To Connect With Pc,Warranty: 6 Months,,,,,,,MM-S+,"LCD",,,"Green LED represents a safe, air-dry state, Yellow LED represents a borderline state, Red LED represents a damp state",,,"MM-S : Search (non-contact), MM-S+ : Search (non-contact) & pin type (contact)",,,,,,,,,,,,,,,,,,,,"0 ~ 80%",,,"4 x 1.5V AAA (UM – 4) batteries",, +(0.5%n + 0.5),,,0.1,,,,,,,,,,,,,,,,,,,,,,,,,,,,,"Temperature 0 ~ 50oC, Humidity <90% RH",,,,,,,,,,,,,,,,,
MM_G,MM_G,MM-G,"Available",Metrix+ MM-G Digital Moisture Meter,10,Digital grain moisture meter with pin type measurement to measure 36 species of grains with range upto 30%,published,18,Metrix+,9031,NDT Instruments,Moisture Meter,4400,8800,,6160,1,https://www.metrixinstrument.in/products/small/70_94.jpg,,,MM_G_AND_GMM_7002A_Grain_Moisture_Meter.pdf,0.334,16.5,6.2,2.6,Grains: 20 Species,Calibration: Automatic,Battery Indicator: Low Battery Indicator,"Data Output: Usb, Rs-232, Bluetooth",Warranty: 6 Months,,,,,,,MM-G,"4 digit backlit LCD",,,"Green LED represents a safe, air-dry state, Yellow LED represents a borderline state, Red LED represents a damp state",,,,,,,,,,,,,,,,,,,,,,,"6 ~ 30%",,,4 x 1.5V AAA (UM – 4) batteries,,"±(0.5%n + 1)",,,0.1,,,,,,,,,,,,,,,,,,,,,,,,,,,,,Temperature 0 ~ 50oC; Humidity <90% R,,,,,,,,,,,,,,,,,
DET_1503,DET_1503,DET 1503,"Available",Metrix+ DET 1503 Digital Earth Resistance Tester,10,Versatile Earth Resistance Tester upto 2000Ω with large backlit display and timer function.,published,18,Metrix+,9030,Electrical Instruments,Digital Earth Resistance Tester,5800,11600,,8120,1,https://www.metrixinstrument.in/products/small/57_81.jpg,,,DET_1503_Earth_Resistance_Tester.pdf,0.675,17,12,7.9,Warranty: 6 Months,,,,,,,,,,,OET 1503,,,,,,,,,,,,,,,,,,,,,,,"20/200/2000Ω","0~200V +2%rdg + 5dgt","10 sec ~ 10min",,,,,"6 x 1.5V ""AA"" batteries",,,,,"0.01Ω(20Ω), 0.1Ω(200Ω), 1Ω(2000Ω); 0.1V",,,,,,,,,,,,,,,,,,,"Earth ressitance ~5 sec, Earth voltage ~2 sec",,,,,,,,,,"0 ~ 40°C, RH > 85%","-20 ~ 60°C, RH > 75%",,,,,,,,,,,,,,,,
DT_2239,DT_2239,DT 2239,"Out of Stock",Metrix+ DT 2239 Digital Stroboscope,10,"Digital Stroboscope with fine tuning and measuring range upto 12,000 FPM",published,18,Metrix+,9029,Surveying Equipments,Digital Stroboscope,5800,11600,,8120,1,https://www.metrixinstrument.in/products/small/50_74.jpg,,,DT_2239_AND_DT_2259A_Stroboscope.pdf,1,21.5,8.5,18,Wide Measuring Range And High Resolution,Digital Display Gives Exact Reading With No Guessing Or Errors,Automatic Stop Flashing To Save Electricity And Improve Flash Tube Lifetime,Internal/External Triggering Fast Conversion; X2 And /2 For Fast Adjustment,Warranty: 6 Months,,,,,,,DT 2239,"10mm 5-digits LCD",,,,,,,,,,,,,,,,,,,,,,,,,,,,,"AC 220V",,"±(0.05%n + 1d)",,,"0.1FPM(50 ~ 999.9FPM), 1FPM(over 1000FPM)",3 sec,"3 ~ 24V  with x2, /2 for fast check","50 ~ 12,000FPM",,,,,,,,,,,,,,,,,,,,,,,,,,"Temperature : 0 ~ 40°C, Humidity : <85% RH",,,,,,,,,,,,,,,,,
MM_Soil,MM_Soil,MM-SOIL,"Available",Metrix+ MM Soil Moisture Meter,10,Soil moisture measurement meter with measuring range upto 80%,published,18,Metrix+,9031,NDT Instruments,Moisture Meter,6500,13000,,9100,1,https://www.metrixinstrument.in/products/large/68_92.jpg,,,mm-soil_68_catalogue.pdf,0.28,14,7.3,3.5,"Wide measuring range and high resolution ","Statistics display on screen ","Data storage and recall ","LED indication for moisture content ",Warranty: 6 Months,,,,,,,MM Soil,"LCD",,,"Green LED represents a safe, air-dry state, Yellow LED represents a borderline state, Red LED represents a damp state",,,,,,,,"Last Value/ Mean Value/ Max Value/ Min Value/ Number of readings",,,,,,,,,,,,,,,"0 ~ 80%",,,"4 x 1.5V AAA (UM – 4) batteries",, +(0.5%n + 1),,,0.1,,,,,,,,,,,,,,,,,,,,,,,,,,,,,"Temperature 0 ~ 50oC, Humidity <90% RH",,,,,,,,,,,,,,,,,
DT_2259A,DT_2259A,DT 2259A,"Available",Metrix+ DT 2259A Digital Stroboscope,10,"Digital Stroboscope with fine tuning and measuring range upto 40,000 FPM",published,18,Metrix+,9029,Surveying Equipments,Digital Stroboscope,7000,14000,,9800,1,https://www.metrixinstrument.in/products/small/51_75.jpg,,,DT_2239_AND_DT_2259A_Stroboscope.pdf,1,21.5,8.5,18,Wide Measuring Range And High Resolution,Digital Display Gives Exact Reading With No Guessing Or Errors,Automatic Stop Flashing To Save Electricity And Improve Flash Tube Lifetime,Internal/External Triggering Fast Conversion; X2 And /2 For Fast Adjustment,Warranty: 6 Months,,,,,,,OT 2239,"10mm 5-digits LCD",,,,,,,,,,,,,,,,,,,,,,,,,,,,,"AC 220V",,"±(0.05%n + 1d)",,,"0.1FPM(50 ~ 999.9FPM), 1FPM(over 1000FPM)","3 sec","3 ~ 24V  with x2, /2 for fast check",,,,,,,,,,,,,,,,,,,,,,,"50 ~ 40,000FPM",,,,"Temperature : 0 ~ 40°C, Humidity : <85% RH",,,,,,,,,,,,,,,,,
DM_620,DM_620,DM 620,"Available",Metrix+ DM 620 Digital Multimeter,10,"50000 Count Programmable Data logger Digital Multimeter with True RMS measurement, multi display with analog bar graph, data storage and 1000C AC/DC V measurement range",published,18,Metrix+,9030,Electrical Instruments,Digital Multimeter,7000,14000,,9800,1,https://www.metrixinstrument.in/products/large/34_54.jpg,,,dm-620_34_catalogue.pdf,,0,0,0,"50000 count data logger","True RMS","Multi display and analog bar graph","Data storage","Auto calibration and full auto ranging",Warranty: 6 Months,,,,,,DM_620,,,,,,,,,,,,,,,,,,,,,,,,,,,,,,,,,,,,,,,,,,,,,,,,,,,,,,,,,,,,,,,,,,,,,,,,,,,,,,,,,
MM_GC,MM_GC,MM-GC,"Available",Metrix+ MM-GC Digital Moisture Meter,10,Digital Grain moisture meter with cup type accurate measurement to measure 36 species with range upto 50%,published,18,Metrix+,9031,NDT Instruments,Moisture Meter,7000,14000,,9800,1,https://www.metrixinstrument.in/products/small/71_95.jpg,,,MM_GC_Grain_Moisture_Meter.pdf,0.69,15,6.5,3,Grains: 22 Species,Calibration: Automatic,Battery Indicator: Low Battery Indicator,"Data Output: Usb, Rs-232, Bluetooth",Warranty: 6 Months,,,,,,,MM-GC,"4 digit backlit LCD",,,"Green LED represents a safe, air-dry state, Yellow LED represents a borderline state, Red LED represents a damp state",,,,,,,,"Last Value/ Mean Value/ Max Value/ Min Value/ Number of readings",,,,,,,,,,,,,,,,,,"4 x 1.5V AAA (UM – 4) batteries",,"±(0.5%n + 1)",,,0.1,,,,,,,,,,,,,,,,,,,,,,,,,,,,,"Temperature 0 ~ 50oC; Humidity <90% RH",,,,,,,,,,,,,,,,,
VM_8200P,VM_8200P,VM 8200P,"Out of Stock",Metrix+ VM 8200P Digital Vibration Meter,10,Pen type probe vibration meter with simple operation,published,18,Metrix+,9031,Surveying Equipments,Vibration Meters,7200,14400,,10080,1,https://www.metrixinstrument.in/products/small/72_96.jpg,,,VM_8200P_Vibration_Meter.pdf,0.147,18.3,6.7,3,Measuring Principle: Piezoelectric Ceramic Accelerometer,Acceleration Range: 0.1-199.9 M/S2,Velocity Range: 0.1-199.9 M/S,Displacement Range: 0.001-1.999 Mm,Acceleration Frequency Range: 10 Hz-1 Khz (Lo)/1 Khz-15 Khz (Hi),Velocity Frequency Range: 10 Hz-1 Khz,Velocity Frequency Range: 10 Hz-1 Khz,Warranty: 6 Months,,,,VM 8200P,"4-digit backlit LCD",,"Piezo electric ceramic accelerometer(shear type)",,"0.1 ~ 199.9 m/s ","0.1 ~ 199.9 m/s2",,,,,,,,,,,,,,,,,,,,,,,,"1 x 9V battery",, +5% of reading + 2d,,,,,,,,,,,,,,,,,,,,,,,,,,,,,,,,"Temperature : 0-40oC ; Humidity : 30 ~ 90% RH",,,,,,,,,,,,,,,,,
GLS_09,GLS_09,GLS 09,"Available",Metrix+ GLS 09 Digital Gloss Meter,10,60° Gloss meter with measuring range upto 200GU.,published,18,Metrix+,9031,NDT Instruments,Gloss Meter,7900,15800,,11060,1,https://www.metrixinstrument.in/products/small/42_62.jpg,,,GLS_09_and_GLS_09M_Gloss_Meter.pdf,0.305,14,4.5,7.5,Gloss Units: Gu,Repeatability: 0.5 Gu,Measuring Area: 7×14 Mm (Ellipse),Data Memorized: 254 Groups,"Accurate Measurement, Good Repetitiveness",Small In Size,Auto Calibration,"Intelligent Design, Rapid Measurement","Intelligent Design, Rapid Measurement","Intelligent Design, Rapid Measurement",Warranty: 6 Months,GLS 09,"Backlit LCD",,,,,,,,,,,,,,,,,,,,,,,,,,,,,"3.7V Lithium Ion rechargeable battery",, +1.0 GU,,,0.1,,,"0.1 ~ 200 Gloss Units",,,,,,,,,,,,,,,,,,,,,,,,,,"Temperature : 0 ~ 40oC ; Humidity : <85% RH",,,,,,,,,,,,,,,,,
MT_16,MT_16,MT 16,"Available",Metrix+ MT 16 Infrared Thermometer (Temperature Gun),10,Rugged Infrared Thermometer to measure upto 1650°C with 50:1 DS ratio and data storage,published,18,Metrix+,9025,Surveying Equipments,Infrared Thermometers,7000,14000,,9800,1,https://www.metrixinstrument.in/products/large/13_32.jpg,,,mt-16_13_catalogue.pdf,1.37,20.5,15.5,6.2,Data Storage ,"Backlight Display ",Adjustable Emissivity,50:1 Distance to Spot Ratio,Warranty: 6 Months,,,,,,,MT 16,,,,,,,,,,,,,,,,,,,,,,,,,,,,Backlight Display,,"9V Battery","Battery, Operational Manual, Carry case ; Gift Box Packing",,-18oC ~ 1650oC (0°F ~ 3002°F,,"0.1oC or 0.1 oF (<1000 oC), 1 oC or 1 oF (>=1000 oC)",,,32.0 ~ 42.9°C ( 89.6oF ~ 109.22oF ) ,,,,,,,,,,,,,,,,500 ms,,,"100 units of memory",,,,,8-14 um,0.10 ~ 1.00 Adjustable,,,,,,,,,,,,,,,,,,
RHT_A,RHT_A,RHT -A,"Available",Metrix+ RHT A Hardness Tester,10,Shore A Rubber Hardness Tester with backlit display.,published,18,Metrix+,9024,NDT Instruments,Hardness Tester,10500,21000,,14700,1,https://www.metrixinstrument.in/products/large/78_104.jpg,,,rht-a_78_catalogue.pdf,0.31,17,6.3,2.4,"Integrated probe and light weight design. ","Average value function and max data hold. ","Automatic power-off and low battery indication. ","Metric to imperial conversion. ","Inbuilt software calibration. ",Warranty: 6 Months,,,,,,RHT A,Backlit LCD,,,,,,,,,,,,,,,,,,,,,,,,,,,,,,,"<+1H",,,0.1H,,,"0 – 100 / 10 ~ 90H",,,,,,,,,,,,,,,,,,,,,,,,,,,,,,,,,,,,,,,,,,,
VM_8200+,VM_8200+,VM 8200+,"Available",Metrix+ VM 8200+ Digital Vibration Meter,10,Digital Vibration Meter with measuring range upto 200mm/s and wide frequency range in acceleration mode,published,18,Metrix+,9031,Surveying Equipments,Vibration Meters,10400,20800,,14560,1,https://www.metrixinstrument.in/products/small/73_97.jpg,,,VM_8200_PLUS_AND_VM_8200mkII_PLUS_Vibraion_Meter.pdf,0.181,16,6.8,3.8,Transducer: Piezo Electric Accelerometer,"Acceleration(Peak Value): 0.1-200.0 M/S2, 0.3-656.2 Ft/S2",Velocity (True-Rms): 0.01-20.00 Cm/S,Warranty: 6 Months,,,,,,,,VM 8200+,,,,,,,,,,,,,,,,,,,,,,,,,,,,,,,,,,,,,,,,,,,,,,,,,,,,,,,,,,,,,,,,,,,,,,,,,,,,,,,,,
RHT_D,RHT_D,RHT -D,"Available",Metrix+ RHT D Hardness Tester,10,Shore D Rubber Hardness Tester with backlit display,published,18,Metrix+,9024,NDT Instruments,Hardness Tester,11500,23000,,16100,1,https://www.metrixinstrument.in/products/large/79_105.jpg,,,rht-d_79_catalogue.pdf,0.31,17,6.3,2.4,"Integrated probe and light weight design. ","Average value function and max data hold. ","Automatic power-off and low battery indication. ","Metric to imperial conversion. ","Inbuilt software calibration. ",Warranty: 6 Months,,,,,,RHT D,"Backlit LCD",,,,,,,,,,,,,,,,,,,,,,,,,,,,,"2 x 1.5V AAA (UM-4) Battery",,"<+1H",,,0.1H,,,"0 – 100 / 10 ~ 90H",,,,,,,,,,,,,,,,,,,,,,,,,,,,,,,,,,,,,,,,,,,
UTG_27,UTG_27,UTG 27,"Available",Metrix+ UTG 27 Digital Ultrasonic Thickness Gauge,10,Digital Ultrasonic Thickness Meter to measure 0.75 ~ 400mm with sturdy metal body and better resolution,published,18,Metrix+,9017,NDT Instruments,Ultrasonic Thickness Gauge,11800,23600,,16520,1,https://www.metrixinstrument.in/products/small/27_47.jpg,,,UTG_27_Ultrasonic_Thickness_Gauge.pdf,0.34,13,7.6,3.2,Sound Velocity: 500-900 M/S,Used The Exclusive Micro-Computer Lsi Circuit And Crystal Time Base To Offer High Accuracy Measurement,"High Power Of Emission And Broad Band Of Receiving Sensitivity, The Gauge Can Match",Probes Of Different Frequencies,Warranty: 6 Months,,,,,,,UTG 27,"4 digit Backlit LCD",,,,,,,,,,,,,,,,,,,,,,,,,,,,,"1.5V x 2 AA batteries",,"±0.5%n + 0.1mm",,,"0.1mm / 0.01mm switchable",,,"0.75 - 400mm (45# Steel) inch/mm switchable",,,,,,,,,,,,,,,,,,,,,,,,,,"0 ~ 40oC, Humidity < 80%",,,,,,,,,,,,,,,,,
GLS_09M,GLS_09M,GLS 09M,"Available",Metrix+ GLS 09M Digital Gloss Meter,10,Multi angle Digital gloss meter with measuring range uptp 200GU,published,18,Metrix+,9031,NDT Instruments,Gloss Meter,13500,27000,,18900,1,https://www.metrixinstrument.in/products/small/43_63.jpg,,,GLS_09_and_GLS_09M_Gloss_Meter.pdf,0.305,14,4.5,7.5,"Accurate Measurement, Good Repetitiveness","Small In Size, Easy To Carry, Auto Calibration","Intelligent Design, Rapid Measurement",Able To Store 254 Groups Of Measurements,Warranty: 6 Months,,,,,,,GLS 09M (MULTI ANGLE),"Backlit LCD",,,,,,,,,,,,,,,,,,,,,,,,,,,,,"3.7V Lithium Ion rechargeable battery",," +1.0 GU",,,,,,"0.1 ~ 200 Gloss Units",,,,,,,,,,,,,,,,,,,,,,,,,,"Temperature : 0 ~ 40oC ; Humidity : <85% RH",,,,,,,,,,,,,,,,,
COL_45,COL_45,COL 45,"Available",Metrix+ COL 45,10,"Digital color meter to measure color and color differences in six color spaces for no lighting, non-fluorescent materials.",published,18,Metrix+,9031,NDT Instruments,Misc,13000,26000,,18200,1,https://www.metrixinstrument.in/products/large/81_107.jpg,,,col-45_81_catalogue.pdf,0.22,14,7.3,3.5,"Six color spaces for measurement and comparison : (L*,a*,b*), L*, C*ab, hab), (Y, x, y), (X, Y, Z), (Rs, Gs, Bs) or (WI, YI, Tw). ","Statistics of max, min, avg and standard deviation displayed. ",Color difference tolerance can be set for PASS/WARN/FAIL tests. ,"9 different color targets can be stored for comparison. ","User calibration function. ","Data storage and recall. ","Low battery indication and auto power off. ",Warranty: 6 Months,,,,COL 45,"Triple 4-digit LCD display",,,,,,,,,,,,,,,,,,,,,,,,,,,,,"4 x 1.5V AAA (UM-4) batteries",,,,,,,,"L* : 5 to 100",,,,,,,,,,,,,,,,,,,,,,,,,,"Temperature : 0 ~ 40°C, Humidity : <85% RH ","Temperature : -10 ~ 40°C, Humidity : <70% RH",,,,,,,,,,,,,,,,
COAT_SCOPE_i,COAT_SCOPE_i,Coat Scope i,"Available",Metrix+ Coat Scope-I Digital Coating Thickness Gauge Meter,10,,published,18,Metrix+,9017,NDT Instruments,Coating Thickness Gauge Meter,12800,25600,,17920,1,,,,Coat_Scope-i__AND_Coat_Scope-27.pdf,0.9,13,6.5,3.5,"Min. Radius Work Piece: Ferrous Convex 1.5 MM/ Concave 25 MM, Non-Ferrous: Convex 3 MM / Concave 50 MM",Min. Measuring Area: 6 MM,MIN. SAMPLE THICKNESS: 0.3 MM,Metric / Imperial: Selectable,Battery Indicator: Low Battery Indicator,Warranty: 6 Months,,,,,,COAT SCOPE – I (INTEGRATED PROBE) J,4 digits backlit LCD,,,,,,,"F : 1.5mm(convex) ; 25mm(concave), NF : 3mm(convex) ; 50mm(concave)","Diameter 6mm","0.3mm",,,,,,,,,,,,,,,,,,,,2 x 1.5V AAA(UM 4) battery,,"±1-3%n or +2.5um",,,0.1um(0~99.9um); 1um(over 100um),,,0 - 2000um (0 - 80mils),,,,,,,,,,,,,,,,,,,,,,,,,,,,,,,,,,,,,,,,,,,
MT_18,MT_18,MT 18,"Available",Metrix+ MT 18 Infrared Thermometer (Temperature Gun) ,10,Rugged Infrared Thermometer upto 1850°C with 80:1 DS ratio and data storage,published,18,Metrix+,9025,Surveying Equipments,Infrared Thermometers,12500,25000,,17500,1,https://www.metrixinstrument.in/products/large/14_33.jpg,,,mt-18_14_catalogue.pdf,1.37,20.5,15.5,6.2,"Data Storage ","PC Interface for Data Logging ",Backlight Display,Adjustable Emissivity ,"Special for metallurgy, forging, furnaces, high temperature fields, etc. ",Warranty: 6 Months,,,,,,MT 18,,,,,,,,,,,,,,,,,,,,,,,,,,,,Backlight Display,,,,,200oC ~ 1850oC (392°F ~ 3362°F),,"0.1oC or 0.1 oF (<1000 oC), 1 oC or 1 oF (>=1000 oC)",,,,,,,,,,,,,,,,,,,500 ms,,,,,,,,"900-1700nm",,,,,,,,,,,,,,,,,,,
COAT_SCOPE_27,COAT_SCOPE_27,Coat Scope 27,"Available",Metrix+ Coat Scope 27 Digital Coating Thickness Gauge Meter,10,Flexible probe Digital Coating Thickness Meter to measure the thickness of coatings on ferrous and non-ferrous substrates upto 2000um.,published,18,Metrix+,9017,NDT Instruments,Coating Thickness Gauge Meter,12800,25600,,17920,1,,,,Coat_Scope-i__AND_Coat_Scope-27.pdf,0.9,13,6.5,3.5,"Min. Radius Work Piece: Ferrous Convex 1.5 MM/ Concave 25 MM, Non-Ferrous: Convex 3 MM/ Concave 50 MM",Min. Measuring Area: 6 Mm,Min. Sample Thickness: 0.3 MM,Metric / Imperial: Selectable,Battery Indicator: Low Battery Indicator,Warranty: 6 Months,,,,,,COAT SCOPE 27,"4 digits backlit LCD",,,,,,,"F : 1.5mm(convex) ; 25mm(concave), NF : 3mm(convex) ; 50mm(concave)","Diameter 6mm","0.3mm",,"Max, min and avg value of readings",,,,,,,,,,,,,,,,,,"2 x 1.5V AAA(UM 4) battery",,"±1-3%n or +2.5um",,,"0.1um(0~99.9um); 1um(over 100um)",,,"0 - 2000um (0 - 80mils)",,,,,,,,,,,,,,,,,,,,,,,,,,,,,,,,,,,,,,,,,,,
VM_8200mkII+,VM_8200mkII+,VM8200 mk ll+,,Metrix+ VM 8200+Mk Ii Digital Vibration Meter,10,Sturdy metal body Vibration Meter with measuring range upto 400mm/s and wide frequency range in acceleration mode,published,18,Metrix+,9031,Surveying Equipments,Vibration Meters,13100,26200,,18340,1,,,,VM_8200_PLUS_AND_VM_8200mkII_PLUS_Vibraion_Meter.pdf,0.305,13,7,3,Transducer: Piezo Electric Accelerometer,"Acceleration(Peak Value): 0.1-400.0 M/S2, 0.3-1312 Ft/S2","Velocity (True-Rms): 0.01-40.00 Cm/S, 0.000-16 Inch/S",Warranty: 6 Months,,,,,,,,VM 8200+,"4-digit backlit LCD",,Piezo electric accelerometer,,"0.01 ~ 400.0 mm/s ; 0.000 ~ 16 inch/s ","0.1 ~ 400.0 m/s2, 0.3 ~ 1312 ft/s2 equivalent peak",,,,,,,,,,,,,,,,,,,,,,,,"1.5V x 2 AA battery",, +5% of reading + 2d,,,,,,,,,,,,,,,"1 ~ 20kHz",,,,,,,,,,,,,,,,,"Temperature : 0-50oC ; Humidity : below 95% RH",,,,,,,,,,,,,,,,,
VB_8202A,VB_8202A,VB 8202A,"Available",Metrix+ VB 8202A Digital Vibration Meter,10,"Vibration meter with measuring range upto 400mm/s and simultaneous display of displacement, velocity and acceleration values",published,18,Metrix+,9031,Surveying Equipments,Vibration Meters,16500,33000,,23100,1,,,,VB_8202A_Vibration_Meter.pdf,0.305,13,7,3,Analogue Output Ac Output: 0-2.0 V Peak Full Scale,Individual High Quality Accelerometer For Accurate And Repeatable Measurements,Wide Frequency Range (10Hz~10Khz) In Acceleration Mode,Ac Output Socket For Headphones And Recording,Warranty: 6 Months,,,,,,,VB 8202A,"4-digit backlit LCD",,"Piezo electric accelerometer",,"0.01 ~ 400.0 mm/s true RMS ; 0.000 ~ 16 inch/s ","0.1 ~ 400.0 m/s2 equivalent peak, 0.3 ~ 1312 ft/s2, 0 ~ 40g",,,,,,,,,,,,,,,,,,,,,,,,"1.5V x 2 AA(UM-3) battery",, +5% of reading + 2d,,,,,,,,,,,,,,,,,,,,,,,,,,,,,,,,"Temperature : 0-50oC ; Humidity : below 95% RH",,,,,,,,,,,,,,,,,
ULD_30,ULD_30,ULD 30,"Available",Metrix+ ULD 30,10,"Ultrasonic Leakage Detector for fast detection of gas or air leaks by detection of ultrasonic emissions, useful in HVAC systems, steam transfers, engine seals, electrical arcing, etc.",published,18,Metrix+,9031,NDT Instruments,Misc,14000,28000,,19600,1,https://www.metrixinstrument.in/products/large/82_108.jpg,,,uld-30_82_catalogue.pdf,0.14,23.6,6.3,2.6,"LED indication and audible tone. ","Audible sound can be identified by internal buzzer or optional external headphones. ","Compact size and simple operation. ",Warranty: 6 Months,,,,,,,,ULD_30,,,,,,,,,,,,,,,,,,,,,,,,,,,,,,"4 x 1.5V AAA (UM-4) batteries",,,,,,,,,,,,,,,,,,,,,,,,,,,,,,,,,,"Temperature : 0 ~ 50°C, Humidity : <= 80% RH",,,,,,,,,,,,,,,,,
COAT_SCOPE_27-4K,COAT_SCOPE_27-4K,Coat Scope 27 4K,"Available",Metrix+ Coat Scope 27-4K Digital Coating Thickness Gauge Meter,10,Flexible probe Digital Coating Thickness Meter to measure the thickness of coatings on ferrous and non-ferrous substrates upto 4000um F and 3000um NF.,published,18,Metrix+,9017,NDT Instruments,Coating Thickness Gauge Meter,15000,30000,,21000,1,,,,Coat_Scope_27-4K__AND_Coat_Scope_27-5K.pdf,,0,0,0,"Min. Radius Work Piece: Ferrous Convex 1.5 MM/ Concave 25 MM, Non-Ferrous: Convex 3 MM/ Concave 50 MM",Min. Measuring Area: 6 MM,Min. Sample Thickness: 0.3 MM,Metric / Imperial: Selectable,Battery Indicator: Low Battery Indicator,Warranty: 6 Months,,,,,,COAT SCOPE 27- 4K,"4 digits backlit LCD",,,,,,,"F : 1.5mm(convex) ; 25mm(concave), NF : 3mm(convex) ; 50mm(concave)","Diameter 6mm","0.3mm","Max, min and avg value of readings",,,,,,,,,,,,,,,,,,,"2 x 1.5V AAA(UM 4) battery",,"±1-3%n or +2.5um",,,"0.1um(0~99.9um); 1um(over 100um)",,,"F : 0 - 4000um (0 - 160mils), NF : 0 - 3000um (0 - 120mils) ",,,,,,,,,,,,,,,,,,,,,,,,,,,,,,,,,,,,,,,,,,,
COAT_SCOPE_27-5K,COAT_SCOPE_27-5K,Coat Scope 27 5K,"Available",Metrix+ Coat Scope 27-5K Digital Coating Thickness Gauge Meter,10,Flexible probe Digital Coating Thickness Meter to measure the thickness of coatings on ferrous and non-ferrous substrates upto 5000um F and 3000um NF.,published,18,Metrix+,9017,NDT Instruments,Coating Thickness Gauge Meter,16500,33000,,23100,1,,,,Coat_Scope_27-4K__AND_Coat_Scope_27-5K.pdf,0.9,13,6.5,3,"Min. Radius Work Piece: Ferrous Convex 1.5 MM/ Concave 25 MM, Non-Ferrous: Convex 3 MM/ Concave 50 MM",Min. Measuring Area: 6 Mm,Min. Sample Thickness: 0.3 MM,Metric / Imperial: Selectable,Battery Indicator: Low Battery Indicator,Warranty: 6 Months,,,,,,COAT SCOPE 27 – SK,"4 digits backlit LCD",,,,,,,"F : 1.5mm(convex) ; 25mm(concave), NF : 3mm(convex) ; 50mm(concave)","Diameter 6mm","0.3mm",,"Max, min and avg value of readings",,,,,,,,,,,,,,,,,,"2 x 1.5V AAA(UM 4) battery",,"±1-3%n or +2.5um",,,0.1um(0~99.9um); 1um(over 100um),,,"F : 0 - 5000um (0 - 160mils), NF : 0 - 3000um (0 - 120mils) ",,,,,,,,,,,,,,,,,,,,,,,,,,,,,,,,,,,,,,,,,,,
Microgloss,Microgloss,Microgloss,"Available",Metrix+ Microglass Digital Gloss Meter,10,Multi angle digital gloss meter with measuring range upto 1000GU and one-button operation,published,18,Metrix+,9031,NDT Instruments,Gloss Meter,22000,44000,,30800,1,,,,microgloss_44_catalogue.pdf,,16,7.5,9,"One-button operation ","Simultaneous measurement in all three angles","Data storage. ","Added functions with PC interface. ",Warranty: 6 Months,,,,,,,Microgloss,TFT 3.5”	,,,,,,,,,,,,,,,,,,,,,,,,,,,,,,,,,"<85% RH, no condensation",0.1 GU	,,,"20o : 0 ~ 1000 Gloss Units, 60o : 0 ~ 1000 Gloss Units, 85o : 0 ~ 160 Gloss Units",,,,,,,,,,,,-20 ~ 50oC	, 0 ~ 40oC 	,"3200mAh Li-ion battery ; >10000 times(within 8 hrs)",,,,,,,,,,,,,,,,,,,,,,,,,,,,,
"Microsurf 10A","Microsurf 10A",Microsurf 10A,"Available",Metrix+ MIcrosurf 10 Surface Roughness Tester,10,Integrated probe compact Surface Roughness Tester with measuring range Ra upto 16um.,published,18,Metrix+,9031,NDT Instruments,Surface Roughness Tester,35000,70000,,49000,1,,,,surftest-10_49_catalogue.pdf,,0,0,0,"Multi-parameter measurement of Ra, Rq, Rz and Rt. ","Backlit LCD display with indication for proper probe alignment. ","Data storage and recall. ","Metric/Imperial conversion. ","Compact and low volume structure for convenient storage. ",Warranty: 6 Months,,,,,,"Microsurf 10A",,,,,,,,,,,,,,,,,,,,,,,,,,,,,,"Li-ion rechargeable battery",,< + 10%	,,,"0.001um when reading <10um, 0.01um when reading >= 10um and <100um, 0.1um when reading >= 100um",,,"Ra, Rq : 0.005 ~ 16.00 um / 0.020 ~ 629.9 uinch, Rz, Rt : 0.020 ~ 160.0 um / 0.078 ~ 6299 uinch",,,,,,,,,,,,,,,,,,,,,,,,,,,,,,,,,,,,,,,,,,,
UTFD_80,UTFD_80,UTFD 80,"Out of Stock",Metrix+ UTFD 80 Ultrasonic Flaw Detector,10,,,18,,9031,NDT Instruments,Ultrasonic Flaw Detector,135000,270000,,189000,1,https://www.dominionhardware.com/wp-content/uploads/2021/09/Ultrasonic-Flaw-Detector-UTFD-80.jpg,,,UTFD_80.pdf,1,21,4,15.6,"AWS D1.1,DAC (6dBDAC), AVG, TCG & B scan, 28 DGS curves","Automated display of precise flaw location(Depth d, level p, distance s, amplitude, sz dB, ф).",Knob design for fast operation.,"Solid metal housing (IP65), rubber plastic dust cover included.","Li battery, with working time up to 10 hrs",Small size and light weight for portability,High-speed capture and very low noise.,Lock and unlock function of system parameters and display freeze,,,,UTFD 80,,,,,,,,,,,,,,,,,,,,,,,,,,,,,,,,,,,,,,0 ~ 10000,,,,,,,,,"0.5 ~ 20",,,,-20~50,,,,,,,,,,,,,,,,,,,,,,,,,,,,,,
UTM 5A+,UTM 5A+,UTM 5A+,"Available",Metrix+ UTM5A+ Ultrasonic Thickness Gauges,5,Digital Ultrasonic Thickness Meter to measure 1 ~ 300mm with user-friendly menu interface and type C charging,published,18,Metrix+,,NDT Instruments,Ultrasonic Thickness Gauge,6800,13600,,9520,,"https://dominionhardware.com/public/uploads/all/2IE8bQKID5WbrPJxXdAPPByviCyOsCHjkSoL5ilN.jpg, https://dominionhardware.com/public/uploads/all/ehSbaBj0qPWMu4hM0EN6WPubkjWIAhCunGXuZ4Uk.jpg",,,https://dominionhardware.com/public/uploads/all/CoRgO7MLxAKeq8imS01Nxo4fsJYgtS4E14DscC01.pdf,0.15,14,6.5,2.85,User friendly menu operation with dot matrix display,"DC 5V/1A type C charging with 2000mAh battery","Memory storage with each set of measured value, sound velocity, max, min and avg value. ",Measure material sound velocity using 1 point calibration,Option for silent operation and auto power off for conserving battery. ,,,,,,,"Metrix+ UTM 5A+","240 x 320 Dot matrix display with adjustable backlight and user friendly menu operation.",,,,,,,,,,,,,,,,,,,,,,,,,,,,,,,"H < 10mm, +0.1mm
H >= 10mm, +(0.1 + 1.0%H)mm
H = real thickness of sample ",,,"0.1mm/0.01mm/0.01inch",,,"1 ~ 300mm (in steel)
",,,,,,,,,,,,,,,,,,,,,,,,,,,,,,,"Ф20 * 3mm (steel)
",,,,,"1000 ~ 9999 m/s","300 sets of records 
",,,,,,
UTM 5,UTM 5,UTM 5,"Available",Metrix+ Utm 5 Digital Ultrasonic Thickness Gauge,5,Digital Ultrasonic Thickness Meter to measure 1 ~ 200mm,published,18,Metrix+,,NDT Instruments,Ultrasonic Thickness Gauge,8000,16000,,11200,,https://dominionhardware.com/public/uploads/all/qCspmsCX4XYkKOcnsVTGW5O3fhmEvITKQFvNyfZN.jpg,,,https://dominionhardware.com/public/uploads/all/4dOr2jrh83EKhXOaALOonFy926WFLrr1QagYHHtD.pdf,0.145,14.5,6.5,2.5,Preset material velocities for easy selection with custom velocity input. ,Inbuilt self-calibrator and simple calibration function. ,Automatic power off. ,,,,,,,,,Metrix+ UTM 5,,,,,,,,,,,,,,,,,,,,,,,,,,,,,,"1.5V x 4 AAA(UM 4) batteries",,"±0.5%n + 0.1mm",,,0.1mm,,,"1 – 200mm (45# Steel)",,,,,,,,,,,,,,,,,,,,,,,,,,"0 ~ 40oC, Humidity < 80%",,,,,,,,,,"500 ~ 9000 m/s",,,,,,,
UTM 9,UTM 9,UTM 9,"Available",Metrix+ UTM 9 Digital Ultrasonic Thickness Gauge,5,Digital Ultrasonic Thickness Meter to measure 0.9 ~ 350mm,published,18,Metrix+,,NDT Instruments,Ultrasonic Thickness Gauge,9500,19000,,13300,,https://dominionhardware.com/public/uploads/all/er00gvELNXyWXYk2qgrxl8UIpf2vzZUiNnnoreyx.jpg,,,https://dominionhardware.com/public/uploads/all/kIxoKXvwCCkRYR5c6Eyy6s5nGIazJvkRB5RSC8YV.pdf,0.145,14.5,6.5,2.5,"Preset material velocities for easy selection with custom velocity input. .  
","Inbuilt self-calibrator and simple calibration function. 
","Automatic power off. 
",,,,,,,,,UTM 9,"4-digit backlit LCD",,,,,,,,,,,,,,,,,,,,,,,,,,,,,1.5V x 4 AAA(UM 4) batteries,,"±0.5%n + 0.01mm",,,"0.01mm(<100mm), 0.1mm(>100mm)",,,0.9 – 350mm (45# Steel),,,,,,,,,,,,,,,,,,,,,,,,,,"0 ~ 40oC, Humidity < 80%",,,,,,,,,,"500 ~ 9000 m/s",,,,,,,
COAT MEASURER F+N,COAT MEASURER F+N,Coat Measurer F+N,"Available",Metrix+ Coat Measurer F+N Digital Coating Thickness Gauge Meter,5,Flexible probe Digital Coating Thickness Meter to measure the thickness of coatings on ferrous and non-ferrous substrates upto 1250um,published,18,Metrix+,,NDT Instruments,Coating Thickness Gauge Meter,9800,19600,,13720,,https://dominionhardware.com/public/uploads/all/CSa4koHHnHXfMvRjGpdPPjAgr6EFhdpfM5htBbuN.jpg,,,https://dominionhardware.com/public/uploads/all/ZAN0LCwFFbpFHgEo098riVCGZ1BQMNlS7M04Fk3l.pdf,0.145,14.5,6.5,2.5,Flexible probe for smaller surfaces,Backlit display for better readability,Zero-point calibration and multi-point calibration,Two measure modes: single and continuous,"Selectable um/mil measuring units
",,,,,,,COAT MEASURER F+N (COMBINE),"4 digits backlit LCD",,,,,,,"F : 1.5mm(convex) ; 25mm(concave)
NF : 3mm(convex) ; 50mm(concave)","Diameter 6mm","0.3mm",,,,,,,,,,,,,,,,,,,,"4 x 1.5V AAA battery",,"±1-3%n or +2.5um",,,"0.1um(0~99.9um); 1um(over 100um)",,,"0 - 1250um (0 - 50mils)","um /mils",,,,,,,,,,,,,,,,"Temperature: 0 to 50℃ ;  Humidity: < 95%",,,,,,,,,,,,,,,,,,,,,,,,,,
COAT_MEASURER_F,COAT_MEASURER_F,Coat Measurer F,"Available",Metrix+ Coat Measurer F Digital Coating Thickness Gauge Meter,5,Flexible probe Digital Coating Thickness Meter to measure the thickness of coatings on ferrous substrates upto 1250um.,published,18,Metrix+,,NDT Instruments,Coating Thickness Gauge Meter,7800,15600,,10920,,https://dominionhardware.com/public/uploads/all/Pn6pufs3iDCFZYLbgbYdIYYq0HDioqmtuPbhPUF7.jpg,,,https://dominionhardware.com/public/uploads/all/Qh1eswUc5Bu3BXR1Xp9FuedyUzHnxpi22FY2euZs.pdf,0.145,14.5,6.5,2.5,"Flexible probe for smaller surfaces
","Backlit display for better readability
","Zero-point calibration and multi-point calibration
","Two measure modes: single and continuous
","Selectable um/mil measuring units
",,,,,,,COAT MEASURER F (FERROUS),"4 digits backlit LCD",,,,,,,"1.5mm(convex), 25mm(concave)","Diameter 6mm","0.3mm",,,,,,,,,,,,,,,,,,,,"4 x 1.5V AAA battery",,"±1-3%n or +2.5um",,,"0.1um(0~99.9um); 1um(over 100um)",,,"0 - 1250um (0 - 50mils)","um /mils
",,,,,,,,,,,,,,,,,,,,,,,,,,,,,,,,,,,,,,,,,,
COAT_GAUGE_FNxL,COAT_GAUGE_FNxL,Coat Gauge FN xL,"Available",Metrix+ Coat Gauge FNxl Digital Coating Thickness Gauge Meter,5,Integrated probe Digital Coating Thickness Meter to measure the thickness of coatings on ferrous and non-ferrous substrates upto 1500um,published,18,Metrix+,,NDT Instruments,Coating Thickness Gauge Meter,5600,11200,,7840,,https://dominionhardware.com/public/uploads/all/7pHTULaqRYKR6lM3pao5YxaGuBYnTKFzcbsTJFl5.jpg,,,https://dominionhardware.com/public/uploads/all/yc5tM0FvGZD7qXdK7uQmxuC3vnMDgRjPlK5G4vVl.pdf,0.125,15.5,6.2,3.5,"Large Display for better readability","Zero-point calibration and multi-point calibration","Two measure modes: single and continuous","Selectable um/mil measuring units",,,,,,,,COAT GAUGE FNxL,,,,,,,,"1.5mm(convex), 25mm(concave)",Diameter 6mm,0.5mm(0.02”)(F),"Zero Calibration, Multi-Points Calibration",,,,,,,,,,,,,,,,,,,"4 x 1.5V AAA battery",,"±(2.5%+2um), ±(2.5%+0.08mil)",,,"0.1um/0.01mil",,,"0 to 1500um (0 to 59mils)",,,,,,,,,,,,,,,,,"Temperature: 0 to 40℃(32 to 104℉)
Humidity: 20% to 90%rh",,,,,"0 to 1500um (0 to 59mils)",,,,,,,,,,,,,,,,,,,,,
COAT_GAUGE_FxL,COAT_GAUGE_FxL,Coat Gauge F xL,"Out of Stock",Metrix+ Coat Gauge Fxl Digital Coating Thickness Gauge Meter,5,Integrated probe Digital Coating Thickness Meter to measure the thickness of coatings on ferrous substrates upto 1500um.,published,18,Metrix+,,NDT Instruments,Coating Thickness Gauge Meter,4700,9400,,6580,,"https://dominionhardware.com/public/uploads/all/qpWbvLFKd73tJqrWcEFXHhLysIvtGrXzMoM5UpQq.jpg,https://dominionhardware.com/public/uploads/all/JBseQJFuUIUgKZmvKeGdet6L9LQaeUDoWT94Ba5Z.jpg",,,https://dominionhardware.com/public/uploads/all/mrwFbQeNcxf5n7BWgvuJZYLNl3Ps1p3HyGBy0oIP.pdf,0.125,15.5,6.2,3.5,"Large Display for better readability","Zero-point calibration and multi-point calibration","Two measure modes: single and continuous","Selectable um/mil measuring units",,,,,,,,COAT GAUGE FxL,,,,,,,,"1.5mm(convex), 25mm(concave)",Diameter 6mm,0.5mm(0.02”)(F),"Zero Calibration, Multi-Points Calibration",,,,,,,,,,,,,,,,,,,"4 x 1.5V AAA battery",,"±(2.5%+2um), ±(2.5%+0.08mil)",,,"0.1um/0.01mil",,,"0 to 1500um (0 to 59mils)","um , mils",,,,,,,,,,,,,,,,"Temperature: 0 to 40℃(32 to 104℉
Humidity: 20% to 90%rh",,,,,,,,,,,,,,,,,,,,,,,,,,
HARDMASTER-P,HARDMASTER-P,Hardmaster-P,"Available",Metrix+ Hardmaster P,5,"Leeb Hardness Tester with range 170 ~ 960 HLD, convertible to other scales, clear dot matrix display and inbuilt calibration process.",published,18,Metrix+,,NDT Instruments,Hardness Tester,0,0,,0,,https://dominionhardware.com/public/uploads/all/HSpz2LKpOFpPsv2itZhEml5gBfddkZbxswRE4v8o.jpg,,,https://dominionhardware.com/public/uploads/all/FBRwPGtOTNpmCQWFz4Xuy2apWT4463XKBhcIlNwu.pdf,0.3,12.5,6.7,3.1,"Converts to all common scales of HV, HB, HRC, HRB, HRA, HS. ","128×64 dot-matrix backlit LCD display. ","Inbuilt function of Software Calibration. ",Memory storage of 600 groups of data. ,"Material of “cast steel” is added; HB values can be read out directly when D/DC impact device is used to measure “cast steel” work piece. ",,,,,,,HARDMASTER-P,,,,,,,,,,,,,,,,,,,,,,,,,,,,,,"3 x  AA Battery",,"±6HLD (760±30HLD) error of displayed value , 6HLD (760±30HLD) repeatability of displayed value",,,,,,"HLD（170～960)",,,,,,,,,,,,,"approx. 100 h (with backlight)  ",,,,,,,,,,,,,,,,,,,,,,,"48～600 groups （impact times: 32～1)",,,,,,,
"Surftest 10","Surftest 10",Surftest 10,"Available",Metrix+ Surftest 10 Surface Roughness Tester,5,"Separate, flexible probe Surface Roughness Tester with measuring range Ra upto 10um.",published,18,Metrix+,,NDT Instruments,Surface Roughness Tester,37000,74000,,51800,,https://dominionhardware.com/public/uploads/all/xLaPEhEI9xKNFkBWGLBqm6UwcqbgWLzdZucVzwHo.jpg,,,https://dominionhardware.com/public/uploads/all/zGFctT8pM4iJz9gJcOFLkKNQALyC1fgKO6YubvFk.pdf,,0,0,0,"Parameter measurement of Ra and Rz. ","Extended cable probe for flexible measurement. ","Backlit LCD display with indication for proper probe alignment. ","Data storage and recall. ","Metric/Imperial conversion. ",,,,,,,"Surftest 10",,,,,,,,,,,,,,,,,,,,,,,,,,,,,,Li-ion rechargeable batteryv,,< + 15%	,,,"0.001um when reading <10u, 0.01um when reading >= 10um and <100um, 0.1um when reading >= 100um ",,,"Ra : 0.05 ~ 10.00 um / 1.000 ~ 400.0 uinch, Rz : 0.1 ~ 50.0 um / 4.000 ~ 2000 uinch",,,,,,,,,,,,,,,,,,,,,,,,,,,,,,,,,,,,,,,,"Temperature  : 0 ~ 50oC ; Humidity : <85%",1 ~ 2 selectable	,,
Microsurf 10A,Microsurf 10A,Microsurf 10A,,Metrix+ Microsurf 10A Surface Roughness Testers,5,Integrated probe compact Surface Roughness Tester with measuring range Ra upto 16um.,published,18,Metrix+,,NDT Instruments,Surface Roughness Testers,35000,70000,,49000,,https://dominionhardware.com/public/uploads/all/upNmvLRf4pKFv2gi9I16p4DDEQ16wV0ttsXjSJ2p.jpg,,,https://dominionhardware.com/public/uploads/all/54gXkCm2YnEgwNWcKrtAubhR2nfrX0mmsXDF5zYs.pdf,,,,,"Multi-parameter measurement of Ra, Rq, Rz and Rt.",Backlit LCD display with indication for proper probe alignment.,Data storage and recall.,Metric/Imperial conversion.,Compact and low volume structure for convenient storage,,,,,,,Microsurf 10A,,,,,,,,,,,,,,,,,,,,,,,,,,,,,,,,< + 10%	,,,"0.001um when reading <10um
0.01um when reading >= 10um and <100um
0.1um when reading >= 100um

",,,"Ra, Rq : 0.005 ~ 16.00 um / 0.020 ~ 629.9 uinch
Rz, Rt : 0.020 ~ 160.0 um / 0.078 ~ 6299 uinch
",,,,,,,,,,,,,,,,,,,,,,,,,,,,,,,,,,,,,,,,"Temperature  : 0 ~ 50oC ; Humidity : <85%
",,<=6%	,"Filter contour : RC, PC-RC, Gauss
Non-filter contour : D-P
"
AVM 05,AVM 05,AVM 05,"Available",Metrix+ AVM 05 Environmental Testers,5,"Separate sensor digital anemometer to measure wind speed upto 45m/s, air flow and air temperature.",published,18,Metrix+,,Digital Anemometers,Environmental Testers,2400,4800,,3360,,https://dominionhardware.com/public/uploads/all/D3jW0CtUiFL5QZE2O8sEs6YYACr3NP0GpHn5H0kr.jpg,,,https://dominionhardware.com/public/uploads/all/iYm8K6MDaP2YYyYFPSqm2BHy91aXa7Di6enxYDvN.pdf,0.26,15.6,6.7,2.8,Built in temperature measurement.,A sensitive balance vane wheel rotates freely in response to air flow,Reading convertible to different measurement units.,Data memory for storing and recalling values later.,Data hold and auto power off.,Backlit display,,,,,,AVM 05,13mm 4-digits LCD,,,,,,"Air velocity/flow sensor : conventional angled vane arms with low friction ball bearing
Temperaure sensor : Precision thermistor",,,,,,,,,,,,,,,,,,,,,,per second approx,4 x 1.5V AAA(UM-4) batteries,,,,,,,,,"Air velocity : m/s, ft/min, knots, km/hr; Air flow : CMM, CFM; Beaufort scale : force; Wave height : m; Air temperature : °C/°F",,,,,,,,,,,,,,,,,,,,,,,,,0 ~ 50°C; Humidity < 80%RH,,,,,,,,,,,,,,,,,
DIT 3125A Eco,DIT 3125A Eco,DIT 3125A Eco,"Available",Metrix+ DIT 3125A Eco Electrical Instruments,5,5kV Digital Insulation Tester with DC Adapter or batteries for power supply,published,18,Metrix+,,Digital Insulation Testers,Electrical Instruments,8600,17200,,12040,,https://www.dominionhardware.com/public/uploads/all/Prw55B6t7YIWgGzjGyBaLJ7pM5Td9AW2iGdjxwGe.jpg,,,https://dominionhardware.com/public/uploads/all/H9NLdMLFWspYIkfwTFhVFfvqL4qfbIIWbfW102gT.pdf,1.027,15.3,21.3,9.5,Backlit LCD display.,Auto discharge.,Timer measurement function and PI measurement,DC Adapter or batteries for power,Live circuit warning symbol with audio sound,Low voltage indication,Auto power off,,,,,DIT 3125A Eco,999 count (1000 count only at 1TΩ),,,,,,,,,,,,,,,,,,DC/AC 30 ~ 600V (50/60Hz),,,,,,,,,,0.5 ~ 10 times/sec,External power supply: DC adapter 12V/1A; or 8x1.5V LR14 battery,,0~99.9GΩ: ±2%rdg +3dgt; >100GΩ: +20% +3dgt,,,1.0V,,,,,,,,,,,,,,,,,,,,,,,,,,,,,"0 ~ 40C, <85%RH","-20 ~ 60C, <90%RH",,,,,,,,,,,,500V / 1000V / 2500V / 5000V,,,,
DIT 918,DIT 918,DIT 918,"Available",Metrix+ DIT 918  Electrical Instruments,5,Economical Digital Insulation Tester with test range upto 2.5kV,published,18,Metrix+,,Digital Insulation Testers,Electrical Instruments,2500,5000,,3500,,"https://www.dominionhardware.com/public/uploads/all/LEAiHfCOdpulHUWERXvsnvr7gCWXm1JcltNwktxc.jpg, https://www.dominionhardware.com/public/uploads/all/1PssxSsKFn9b4tTxrnOJXSPzZa8qzVg69CDPGWV2.jpg, https://www.dominionhardware.com/public/uploads/all/OtJKwuXO9muVHcIfBNJC4ZmED9frqWM6HdU6zSao.jpg",,,https://dominionhardware.com/public/uploads/all/diqEsopoz1vo0Ml4mCwaIAC41kaholClBvcs1fys.pdf,0.55,12.54,17.46,6.9,Backlit LCD display,Auto discharge.,Live wire warning system with audio sound.,Auto power off.,,,,,,,,DIT 918,,,,,,,,,,,,,,,,,,,"100V: 0 ~ 199.9MΩ, 250V: 0 ~ 499.9MΩ, 500V: 0 ~ 999.9MΩ, 1000V: 0 ~ 19.9GΩ, 2500V: 0 ~ 49.9GΩ",AC 1200V/10sec,AC 8320V/5sec,,,,,,,,,6 x AA batteries,,±5%rdg ± 5dgt,,,1.0V,,,,,,,,,,,,,,,-20 ~ 70C,0 ~ 50C,,,,,,,30 ~ 600V,30 ~ 600V,,,,,,,,,,,,,,,,,,,,,,
MT 12A,MT 12A,MT 12A,"Available",Metrix+ MT 12A Surveying Equipment,5,Rugged Infrared Thermometer to measure upto 1150°C with 50:1 DS ratio and data storage,published,18,Metrix+,,Infrared Thermometers,Surveying Equipment,4200,8400,,5880,,https://www.dominionhardware.com/public/uploads/all/vwW3G1bB4UMohcZXS20x5BoWwgnbVB0NGdObHYSC.jpg,,,https://dominionhardware.com/public/uploads/all/dkNlji2ThKPpaVwII6zt1QVNeQ9dPkRuOfFVMUZA.pdf,0.48,22,13.6,6,Data Storage,Backlight Display,Adjustable Emissivity,50:1 Distance to Spot Ratio,,,,,,,,MT 12A,Backlight Display,,,,,,,,,,,,,,,-18°C ~ 1150°C (28 to 2102°F),,,DC/AC 30 ~ 600V (50/60Hz),,,,,,,,,,,1x 9V battery,,±2% or ±2°C,,,,,,,,,,,,,,,,,,,,,,"500msec, 95% response",,,,,,,,8-14 um,0.1 ~ 1.00 adjustable,Temperature : 0 to 40°C; Humidity : 10-95%RH noncondensing @ upto 30°C,-20 to 60°C; <=85% RH; without battery,,,,,,,,,,,,,,,,
DM 100,DM 100,DM 100,"Available",Metrix+ DM 100 Surveying Equipment,5,"100m Laser Distance Meter with area/volume calculations, bi axis spirit level, data storage and clear OLED display",published,18,Metrix+,,Laser Distance Meters,Surveying Equipment,2600,5200,,3640,,https://www.dominionhardware.com/public/uploads/all/Aym0z2GzZC1TVSlxXHRgt3t3msZVMb2DIVDCgptf.jpg,,,https://dominionhardware.com/public/uploads/all/9dQwxNQQzbxzAUkrUrb9ej2wlu2ORIFurNLta1OE.pdf,0.072,11,4.6,2.5,Pocket type.,Area/volume calculations,Clear display for better readability from all angles.,Historical data review.,Bi-axis spirit bubble for checking level.,,,,,,,DM 100,,,,,,,,,,,,,,,,,,,,,,,,,,,,,,,,±2.0mm,,,,,,0.05 ~ 100m,"Distance : m, ft, in 
Area : m2, ft2 
Volume : m3, ft3",0.25s,"620 – 690nm, Class II, <1mW",,,,,,,,,-20 to 65℃,0 to 40℃,2 x AAA 1.5V ; >5000 times working time(fully charged),,,,,,,,,,,,,,,,,,,,,,,,"Laser : 30s
Instrument : 180s",,,,,
,,,,,,,,,,,,,,,,,,,,,,,,,,,,,,,,,,,,,,,,,,,,,,,,,,,,,,,,,,,,,,,,,,,,,,,,,,,,,,,,,,,,,,,,,,,,,,,,,,,,,,,,,,,,,,,,,,,,,,
CG 3000,,,,,,,,,,,,,400,,,,,,,,,,,,,,,,,,,,,,,,,,,,,,,,,,,,,,,,,,,,,,,,,,,,,,,,,,,,,,,,,,,,,,,,,,,,,,,,,,,,,,,,,,,,,,,,,,,,,,,,,
Coat guage pro,,,,,,,,,,,,,9000,,,,,,,,,,,,,,,,,,,,,,,,,,,,,,,,,,,,,,,,,,,,,,,,,,,,,,,,,,,,,,,,,,,,,,,,,,,,,,,,,,,,,,,,,,,,,,,,,,,,,,,,,
Coat Scope Pro,,,,,,,,,,,,,11500,,,,,,,,,,,,,,,,,,,,,,,,,,,,,,,,,,,,,,,,,,,,,,,,,,,,,,,,,,,,,,,,,,,,,,,,,,,,,,,,,,,,,,,,,,,,,,,,,,,,,,,,,
Microcoat F,,,,,,,,,,,,,30000,,,,,,,,,,,,,,,,,,,,,,,,,,,,,,,,,,,,,,,,,,,,,,,,,,,,,,,,,,,,,,,,,,,,,,,,,,,,,,,,,,,,,,,,,,,,,,,,,,,,,,,,,
Microcoat N,,,,,,,,,,,,,30000,,,,,,,,,,,,,,,,,,,,,,,,,,,,,,,,,,,,,,,,,,,,,,,,,,,,,,,,,,,,,,,,,,,,,,,,,,,,,,,,,,,,,,,,,,,,,,,,,,,,,,,,,
UTM 18CT,,,,,,,,,,,,,28000,,,,,,,,,,,,,,,,,,,,,,,,,,,,,,,,,,,,,,,,,,,,,,,,,,,,,,,,,,,,,,,,,,,,,,,,,,,,,,,,,,,,,,,,,,,,,,,,,,,,,,,,,
UTM 90CT,,,,,,,,,,,,,68000,,,,,,,,,,,,,,,,,,,,,,,,,,,,,,,,,,,,,,,,,,,,,,,,,,,,,,,,,,,,,,,,,,,,,,,,,,,,,,,,,,,,,,,,,,,,,,,,,,,,,,,,,
LHT 1,,,,,,,,,,,,,22000,,,,,,,,,,,,,,,,,,,,,,,,,,,,,,,,,,,,,,,,,,,,,,,,,,,,,,,,,,,,,,,,,,,,,,,,,,,,,,,,,,,,,,,,,,,,,,,,,,,,,,,,,
225A+,,,,,,,,,,,,,1000,,,,,,,,,,,,,,,,,,,,,,,,,,,,,,,,,,,,,,,,,,,,,,,,,,,,,,,,,,,,,,,,,,,,,,,,,,,,,,,,,,,,,,,,,,,,,,,,,,,,,,,,,
2003TRMS,,,,,,,,,,,,,3600,,,,,,,,,,,,,,,,,,,,,,,,,,,,,,,,,,,,,,,,,,,,,,,,,,,,,,,,,,,,,,,,,,,,,,,,,,,,,,,,,,,,,,,,,,,,,,,,,,,,,,,,,
3510PW,,,,,,,,,,,,,7000,,,,,,,,,,,,,,,,,,,,,,,,,,,,,,,,,,,,,,,,,,,,,,,,,,,,,,,,,,,,,,,,,,,,,,,,,,,,,,,,,,,,,,,,,,,,,,,,,,,,,,,,,
31TRMS,,,,,,,,,,,,,700,,,,,,,,,,,,,,,,,,,,,,,,,,,,,,,,,,,,,,,,,,,,,,,,,,,,,,,,,,,,,,,,,,,,,,,,,,,,,,,,,,,,,,,,,,,,,,,,,,,,,,,,,
CD 2,,,,,,,,,,,,,300,,,,,,,,,,,,,,,,,,,,,,,,,,,,,,,,,,,,,,,,,,,,,,,,,,,,,,,,,,,,,,,,,,,,,,,,,,,,,,,,,,,,,,,,,,,,,,,,,,,,,,,,,
62 Pro,,,,,,,,,,,,,1300,,,,,,,,,,,,,,,,,,,,,,,,,,,,,,,,,,,,,,,,,,,,,,,,,,,,,,,,,,,,,,,,,,,,,,,,,,,,,,,,,,,,,,,,,,,,,,,,,,,,,,,,,
65 Pro ,,,,,,,,,,,,,1800,,,,,,,,,,,,,,,,,,,,,,,,,,,,,,,,,,,,,,,,,,,,,,,,,,,,,,,,,,,,,,,,,,,,,,,,,,,,,,,,,,,,,,,,,,,,,,,,,,,,,,,,,
DTI 350,,,,,,,,,,,,,21000,,,,,,,,,,,,,,,,,,,,,,,,,,,,,,,,,,,,,,,,,,,,,,,,,,,,,,,,,,,,,,,,,,,,,,,,,,,,,,,,,,,,,,,,,,,,,,,,,,,,,,,,,
DTI 500,,,,,,,,,,,,,35000,,,,,,,,,,,,,,,,,,,,,,,,,,,,,,,,,,,,,,,,,,,,,,,,,,,,,,,,,,,,,,,,,,,,,,,,,,,,,,,,,,,,,,,,,,,,,,,,,,,,,,,,,
VB 8202A,,,,,,,,,,,,,16500,,,,,,,,,,,,,,,,,,,,,,,,,,,,,,,,,,,,,,,,,,,,,,,,,,,,,,,,,,,,,,,,,,,,,,,,,,,,,,,,,,,,,,,,,,,,,,,,,,,,,,,,,
MM 2,,,,,,,,,,,,,750,,,,,,,,,,,,,,,,,,,,,,,,,,,,,,,,,,,,,,,,,,,,,,,,,,,,,,,,,,,,,,,,,,,,,,,,,,,,,,,,,,,,,,,,,,,,,,,,,,,,,,,,,
MM-P,,,,,,,,,,,,,6700,,,,,,,,,,,,,,,,,,,,,,,,,,,,,,,,,,,,,,,,,,,,,,,,,,,,,,,,,,,,,,,,,,,,,,,,,,,,,,,,,,,,,,,,,,,,,,,,,,,,,,,,,
HT 9B,,,,,,,,,,,,,1000,,,,,,,,,,,,,,,,,,,,,,,,,,,,,,,,,,,,,,,,,,,,,,,,,,,,,,,,,,,,,,,,,,,,,,,,,,,,,,,,,,,,,,,,,,,,,,,,,,,,,,,,,
1013D,,,,,,,,,,,,,14000,,,,,,,,,,,,,,,,,,,,,,,,,,,,,,,,,,,,,,,,,,,,,,,,,,,,,,,,,,,,,,,,,,,,,,,,,,,,,,,,,,,,,,,,,,,,,,,,,,,,,,,,,
1014D,,,,,,,,,,,,,16000,,,,,,,,,,,,,,,,,,,,,,,,,,,,,,,,,,,,,,,,,,,,,,,,,,,,,,,,,,,,,,,,,,,,,,,,,,,,,,,,,,,,,,,,,,,,,,,,,,,,,,,,,
WD 09,,,,,,,,,,,,,2800,,,,,,,,,,,,,,,,,,,,,,,,,,,,,,,,,,,,,,,,,,,,,,,,,,,,,,,,,,,,,,,,,,,,,,,,,,,,,,,,,,,,,,,,,,,,,,,,,,,,,,,,,
GC 01,,,,,,,,,,,,,4000,,,,,,,,,,,,,,,,,,,,,,,,,,,,,,,,,,,,,,,,,,,,,,,,,,,,,,,,,,,,,,,,,,,,,,,,,,,,,,,,,,,,,,,,,,,,,,,,,,,,,,,,,
IR 40,,,,,,,,,,,,,2000,,,,,,,,,,,,,,,,,,,,,,,,,,,,,,,,,,,,,,,,,,,,,,,,,,,,,,,,,,,,,,,,,,,,,,,,,,,,,,,,,,,,,,,,,,,,,,,,,,,,,,,,,
F Probe,,,,,,,,,,,,,2400,,,,,,,,,,,,,,,,,,,,,,,,,,,,,,,,,,,,,,,,,,,,,,,,,,,,,,,,,,,,,,,,,,,,,,,,,,,,,,,,,,,,,,,,,,,,,,,,,,,,,,,,,
FN Probe ,,,,,,,,,,,,,3000,,,,,,,,,,,,,,,,,,,,,,,,,,,,,,,,,,,,,,,,,,,,,,,,,,,,,,,,,,,,,,,,,,,,,,,,,,,,,,,,,,,,,,,,,,,,,,,,,,,,,,,,,
FN27k Probe ,,,,,,,,,,,,,4500,,,,,,,,,,,,,,,,,,,,,,,,,,,,,,,,,,,,,,,,,,,,,,,,,,,,,,,,,,,,,,,,,,,,,,,,,,,,,,,,,,,,,,,,,,,,,,,,,,,,,,,,,
CSP Probe,,,,,,,,,,,,,3800,,,,,,,,,,,,,,,,,,,,,,,,,,,,,,,,,,,,,,,,,,,,,,,,,,,,,,,,,,,,,,,,,,,,,,,,,,,,,,,,,,,,,,,,,,,,,,,,,,,,,,,,,
Foil Set ,,,,,,,,,,,,,1000,,,,,,,,,,,,,,,,,,,,,,,,,,,,,,,,,,,,,,,,,,,,,,,,,,,,,,,,,,,,,,,,,,,,,,,,,,,,,,,,,,,,,,,,,,,,,,,,,,,,,,,,,
PC interface,,,,,,,,,,,,,2400,,,,,,,,,,,,,,,,,,,,,,,,,,,,,,,,,,,,,,,,,,,,,,,,,,,,,,,,,,,,,,,,,,,,,,,,,,,,,,,,,,,,,,,,,,,,,,,,,,,,,,,,,
TP 02,,,,,,,,,,,,,400,,,,,,,,,,,,,,,,,,,,,,,,,,,,,,,,,,,,,,,,,,,,,,,,,,,,,,,,,,,,,,,,,,,,,,,,,,,,,,,,,,,,,,,,,,,,,,,,,,,,,,,,,
TP 03,,,,,,,,,,,,,1300,,,,,,,,,,,,,,,,,,,,,,,,,,,,,,,,,,,,,,,,,,,,,,,,,,,,,,,,,,,,,,,,,,,,,,,,,,,,,,,,,,,,,,,,,,,,,,,,,,,,,,,,,
"Flat 4""*",,,,,,,,,,,,,POR,,,,,,,,,,,,,,,,,,,,,,,,,,,,,,,,,,,,,,,,,,,,,,,,,,,,,,,,,,,,,,,,,,,,,,,,,,,,,,,,,,,,,,,,,,,,,,,,,,,,,,,,,
"Flat 6""*",,,,,,,,,,,,,POR,,,,,,,,,,,,,,,,,,,,,,,,,,,,,,,,,,,,,,,,,,,,,,,,,,,,,,,,,,,,,,,,,,,,,,,,,,,,,,,,,,,,,,,,,,,,,,,,,,,,,,,,,
"Flat 8""*",,,,,,,,,,,,,POR,,,,,,,,,,,,,,,,,,,,,,,,,,,,,,,,,,,,,,,,,,,,,,,,,,,,,,,,,,,,,,,,,,,,,,,,,,,,,,,,,,,,,,,,,,,,,,,,,,,,,,,,,
"Flat 12""*",,,,,,,,,,,,,POR,,,,,,,,,,,,,,,,,,,,,,,,,,,,,,,,,,,,,,,,,,,,,,,,,,,,,,,,,,,,,,,,,,,,,,,,,,,,,,,,,,,,,,,,,,,,,,,,,,,,,,,,,
"Square 4""*",,,,,,,,,,,,,POR,,,,,,,,,,,,,,,,,,,,,,,,,,,,,,,,,,,,,,,,,,,,,,,,,,,,,,,,,,,,,,,,,,,,,,,,,,,,,,,,,,,,,,,,,,,,,,,,,,,,,,,,,
"Square 6""*",,,,,,,,,,,,,POR,,,,,,,,,,,,,,,,,,,,,,,,,,,,,,,,,,,,,,,,,,,,,,,,,,,,,,,,,,,,,,,,,,,,,,,,,,,,,,,,,,,,,,,,,,,,,,,,,,,,,,,,,
"Square 8""*",,,,,,,,,,,,,POR,,,,,,,,,,,,,,,,,,,,,,,,,,,,,,,,,,,,,,,,,,,,,,,,,,,,,,,,,,,,,,,,,,,,,,,,,,,,,,,,,,,,,,,,,,,,,,,,,,,,,,,,,
"Square 12""*",,,,,,,,,,,,,POR,,,,,,,,,,,,,,,,,,,,,,,,,,,,,,,,,,,,,,,,,,,,,,,,,,,,,,,,,,,,,,,,,,,,,,,,,,,,,,,,,,,,,,,,,,,,,,,,,,,,,,,,,